systemThrouput,
2.80469304,4.985544007
2.921743737,5.021533407
3.045274478,5.016831336
3.164054563,5.01671944
3.260548582,5.004330195
3.347796374,5.004952485
3.427755415,5.001489563
3.494072695,5.006201773
3.571860404,4.995680715
3.624720132,5.019948459
3.670674398,5.016364142
3.718093808,5.00855988
3.764979124,5.026315355
3.793412081,5.022302472
3.83674506,5.009233755
3.868407721,5.013078133
3.906957351,5.009209021
3.927744218,5.032945601
3.958279855,5.019453531
3.992320114,5.013860565
4.000766047,5.02271363
4.025019296,5.018325389
4.063218629,5.038574883
4.075315859,5.021322919
4.08181243,5.014702238
4.117598416,5.003863432
4.140657583,5.015852151
4.153263517,5.000193153
4.158995975,5.020118471
4.187504927,5.014427917
4.201643648,5.027704042
4.217356861,5.008311546
4.222322863,5.040308319
4.23349406,5.022326187
4.266013576,5.004708235
4.270937601,5.00329999
4.281679937,5.013261325
4.288277442,5.045608393
4.298086764,5.008383149
4.295590589,5.01431566
4.31893841,5.025226556
4.325912942,5.014989916
4.33712006,5.018792712
4.336113629,4.99340336
4.363372493,5.011883697
4.361430685,5.031533289
4.365395199,5.012425817
4.369459714,5.030643609
4.392575751,4.995343282
4.386803681,5.029966327
4.392893556,5.032471399
4.394441026,5.002969061
4.419860556,5.017667738
4.422373371,5.002935242
4.423726715,5.020558181
4.440097845,5.002731454
4.439601386,5.017648297
4.448423911,5.011920483
4.454504886,5.001753871
4.470252841,5.021249066
4.467505604,5.032213237
4.464389056,5.008778026
4.485631635,4.997327125
4.486443956,5.006765301
4.47776027,5.02881815
4.499480324,5.018731058
4.495314374,5.008537569
4.501124576,5.029443088
4.509599595,5.003980159
4.514974245,5.005600064
4.501516101,5.006347229
4.504584558,5.003092249
4.524419799,5.008033745
4.519841111,5.027485009
4.523943124,5.016149907
4.526646373,5.03991544
4.556069867,5.009953687
4.543419238,5.01574995
4.548554198,5.007072951
4.563835578,5.00994936
4.563489587,5.016434444
4.551978286,5.025828578
4.565476476,5.031000639
4.573321398,5.02048288
4.562714628,5.020599634
4.56999163,4.989235727
4.568004337,5.018518978
4.572504279,4.993548681
4.579506738,5.011554967
4.59438199,5.010921664
4.590229752,5.012695459
4.589741256,5.006154052
4.602765901,5.021603021
4.590298907,4.993509357
4.602161743,5.018301281
4.601713381,5.028572466
4.610751078,5.01493572
4.61110832,5.007457571
4.623766507,5.02129936
4.605978897,5.014161061
4.627887603,5.008882965
4.614199607,5.022312494
4.611339041,5.020926852
4.624535677,5.013086334
4.637156472,4.998983076
4.621326502,5.020754859
4.636293488,4.997460148
4.645079287,5.009701756
4.645062576,5.016836285
4.62990005,4.998563353
4.648411857,5.028947324
4.643236279,5.014688275
4.646303281,5.028733565
4.655940858,5.008144339
4.649243227,5.022517976
4.658065022,5.00226902
4.654774745,5.003961763
4.66895245,5.001795993
4.671182137,5.028287875
4.660271581,4.994914446
4.681625777,5.014424086
4.654423001,4.996661054
4.676336623,5.00644446
4.677300578,5.026795651
4.666046618,5.02043553
4.668423801,5.01339004
4.672476944,5.021281181
4.671332616,5.00366403
4.682737572,5.030502607
4.669616526,5.015772544
4.679110924,5.047993462
4.68522121,5.021004885
4.683521652,5.01019189
4.692454523,4.998071348
4.681439597,5.031538338
4.698848685,5.010697829
4.6955029,5.026772816
4.684968849,4.983622559
4.697930244,5.017536337
4.682284414,5.013787983
4.701730969,5.028655223
4.69611112,5.009539379
4.703172115,5.024244059
4.697063096,5.019386258
4.697670909,5.002107549
4.703812306,5.020269145
4.713848614,5.003462794
4.714113723,5.026315646
4.69690283,4.985921076
4.721287934,5.003863245
4.717044206,5.023181099
4.715073227,5.012234121
4.714393607,4.988795058
4.732262407,5.021813132
4.719722651,5.031191576
4.720416669,5.014747127
4.731984052,5.003934503
4.717241975,5.012261794
4.72459956,5.013728842
4.731884856,5.009259606
4.728344163,5.034220275
4.722721514,5.03453444
4.734968401,5.020869906
4.73090064,5.008559376
4.724857923,5.015059432
4.729786181,5.018524015
4.71929235,5.001318426
4.735004517,5.023563974
4.73772688,5.024204278
4.73602938,5.008334621
4.720348254,4.993501514
4.742497116,5.000909302
4.730502802,5.014755761
4.734941758,5.024986001
4.735741561,5.00797408
4.737925042,5.014595202
4.739084053,5.002864622
4.739255781,5.017841231
4.750449606,5.008571954
4.742498954,5.004285866
4.739613874,5.019802669
4.746075174,5.042415011
4.758077357,5.022437229
4.750150346,5.009978995
4.740237443,5.040775281
4.757666058,5.000725893
4.748534661,5.021674714
4.751975948,5.016475526
4.755199355,5.005889315
4.760844494,4.997508323
4.754538862,4.997184087
4.756672327,4.995092374
4.757104394,4.993088193
4.757520926,5.025500734
4.767530159,5.035447173
4.754776803,5.013781796
4.760014624,5.02050222
4.759670953,5.032635277
4.771297002,4.999074488
4.768425058,5.023768822
4.765685894,5.000334113
4.774332149,4.992472715
4.765932198,5.008868769
4.772079672,5.039010394
4.761759807,5.019334764
4.768090461,5.010920082
4.775579825,5.008952398
4.768841982,5.027615729
4.773422826,5.012782505
4.770702437,5.016001467
4.783573111,5.006273775
4.774325938,5.035322438
4.780053423,5.01952879
4.7816342,5.016382825
4.784592263,5.023656525
4.771166282,5.0282048
4.778397296,5.030480827
4.777631407,5.025346862
4.774442612,5.015252291
4.787574454,5.031016629
4.78579102,5.015637302
4.784496506,5.019663813
4.784808866,5.009996836
4.790189268,5.04790611
4.784584903,5.007100044
4.788619919,5.01501493
4.791048599,5.013901532
4.785833819,5.022561282
4.797644783,5.038193214
4.78872656,5.031909661
4.783028322,4.992611576
4.791081973,5.002705571
4.788224342,5.01875854
4.795881188,5.024549278
4.787776316,5.026962494
4.792213996,5.0244182
4.78689511,5.032834621
4.799009465,5.014486923
4.80030277,5.00387244
4.799009197,5.024195194
4.792302505,5.017098996
4.79530786,5.053617324
4.796196189,5.006667001
4.787947123,5.025700958
4.792410114,5.019258387
4.793850375,5.026452716
4.801423845,5.008881093
4.808706627,5.004302133
4.793026787,5.018230817
4.805218244,5.008684325
4.80083601,5.013507501
4.803529106,5.020675911
4.804623957,5.01661697
4.824358967,4.993677085
4.803798941,4.997822203
4.797079912,5.012743267
4.803933473,5.022667947
4.799778347,5.024903153
4.811701255,5.034301445
4.803455289,5.020059926
4.813196164,5.005892041
4.797296929,5.009689976
4.806784237,5.019617748
4.815487255,5.003661784
4.80314709,5.013443553
4.809848854,5.001214617
4.818001924,5.02391633
4.815706861,5.032249997
4.815830175,5.023163815
4.809057457,5.025996015
4.815157025,5.002712953
4.803258133,5.030235316
4.815834422,5.008646746
4.805955344,4.99870221
4.809213225,5.019562243
4.821350825,5.007858383
4.81562234,5.030143201
4.810748422,4.994057903
4.82713383,5.03283051
4.823857996,5.006635732
4.821221077,4.992987911
4.819845392,5.008695555
4.811498895,4.98753772
4.815801198,5.023576168
4.828531698,5.03051214
4.807153449,5.012370359
4.831167403,5.030912876
4.822137803,5.026536675
4.826575124,5.024484447
4.831440851,5.012441329
4.81917907,5.022128077
4.82527955,5.030759694
4.821275234,5.024234847
4.821782762,5.013151972
4.830043244,5.018744163
4.82870677,4.989589642
4.842052457,5.026012078
4.832047904,5.018166491
4.826998303,5.006620117
4.830283782,5.023026605
4.820992932,5.030848634
4.822632242,5.006667176
4.821690921,5.01289155
4.816111912,5.021727163
4.830126802,5.008708236
4.839786253,5.019944579
4.832527928,5.01223647
4.834514334,5.008640076
4.825291652,5.015091553
4.835032183,5.02963521
4.817563255,5.013132384
4.83208167,5.035081635
4.828324255,5.026597875
4.840323041,5.010715211
4.833878371,5.02768334
4.837389701,5.018487287
4.826197611,5.018340255
4.843650142,5.031012341
4.841584379,5.045858665
4.839298934,5.014874327
4.839555818,5.013170694
4.838863453,5.002601019
4.835640542,5.01555513
4.846117429,5.007262893
4.833548032,5.03660872
4.836793883,5.028286652
4.827583825,5.034173113
4.838999072,5.012580405
4.83713078,4.994167569
4.833632244,5.006934785
4.844639426,5.022879013
4.844061521,5.01020718
4.834083328,5.022174402
4.842119701,5.026077792
4.837472502,5.008046688
4.840030283,4.998330725
4.83910872,5.025969089
4.850166684,5.036001095
4.846884263,4.999696594
4.848828684,5.0177406
4.843439568,5.002465039
4.842184361,5.020846242
4.838189264,5.018704207
4.829086785,5.015230786
4.842595963,5.005984814
4.836059304,5.014502371
4.842870759,5.006734938
4.842390583,5.007393754
4.842419373,5.013208875
4.837662412,5.027749194
4.842814584,5.019417592
4.849829313,5.033469117
4.853425003,5.033259624
4.850541585,4.996435766
4.852560332,5.010730567
4.844028663,5.009301986
4.853506892,5.014175653
4.844165774,5.006361978
4.851083143,5.0209049
4.850422761,5.017791619
4.846413006,5.016863624
4.858052594,5.018550902
4.855744679,5.035281814
4.852799549,5.02009895
4.837389831,5.030583644
4.853399776,5.021072919
4.861467748,5.024053644
4.85840527,5.016990084
4.858504161,5.03460995
4.857339064,5.016569931
4.852935595,5.010111417
4.85047524,5.01689509
4.846642197,5.009360806
4.854274854,5.015109965
4.846354078,5.016711314
4.860436698,4.986185278
4.856242682,5.012469315
4.864858881,5.005092931
4.852500429,5.020263773
4.855549325,5.031564646
4.848142751,5.004194344
4.862672455,5.021200243
4.860057709,5.002834218
4.858037268,5.02855039
4.856837946,5.017936739
4.858226592,5.012009475
4.84567098,5.007843308
4.855814907,5.029686945
4.85576922,4.999962306
4.863053648,5.009045473
4.840579665,5.02354306
4.85812036,5.020732565
4.865633159,5.020338467
4.864949555,5.027840774
4.859376802,5.027142707
4.867854968,5.044921229
4.865597819,5.030779547
4.868380322,5.012878423
4.857068379,5.028250539
4.858013211,5.01873953
4.86040956,5.013202366
4.857081897,5.018731044
4.859283833,5.013355849
4.876556529,5.007039753
4.870887148,5.035338988
4.8748502,4.995303393
4.858265201,5.000373511
4.864198736,5.014848615
4.872829945,5.018872863
4.86146622,5.003985242
4.868194289,5.024412042
4.858605027,4.993373536
4.868768888,5.000012752
4.85649266,5.01377036
4.871080393,5.0037164
4.866649194,5.015822182
4.87661421,5.016681766
4.85955714,5.028615932
4.870795828,5.024237536
4.876736002,5.02270118
4.867569214,5.036325472
4.867984851,5.007666461
4.861370481,4.996966448
4.866336101,5.021911584
4.858098441,5.016444162
4.871600315,5.025416755
4.880189955,5.015587669
4.875046949,5.026116296
4.867193457,4.99535764
4.868199453,4.990555887
4.865346723,5.021434738
4.870497421,5.013841696
4.864808992,5.006081467
4.878275273,5.022147548
4.873355589,5.030488185
4.869244223,5.018945479
4.870718858,5.044033221
4.866782696,5.021543036
4.872462509,5.025732068
4.870060224,5.01537614
4.878685467,5.00056332
4.874027791,5.010078617
4.862047557,4.996289893
4.874529394,5.002311317
4.868180124,5.031503296
4.881012898,4.99042862
4.879925845,5.019617813
4.867505422,5.025706365
4.874083536,5.03689168
4.88104018,5.012281701
4.876575627,5.020491809
4.870546127,5.013791389
4.868601299,4.994827594
4.866268296,5.00830393
4.876111218,5.019711004
4.871432591,5.035851476
4.874772895,5.003214497
4.865551103,5.005534742
4.873894718,5.029158502
4.885253095,5.02208591
4.878521082,5.029696812
4.877252834,5.029346281
4.880938026,4.986762761
4.876880397,5.027524499
4.885428408,5.02190965
4.879355629,5.030354639
4.884648902,5.016367138
4.877349364,5.036822405
4.869449267,5.033898905
4.889144336,5.012474493
4.874371015,5.000610768
4.879860438,5.031095134
4.879960864,5.016407198
4.890715786,5.028301247
4.8856873,4.996168224
4.877594442,4.982909637
4.880813058,5.006489431
4.882303007,5.00846115
4.88361996,5.015291112
4.888926394,5.014050377
4.87104486,5.026603152
4.885805372,5.032826354
4.880870106,5.017947275
4.884439662,5.024242001
4.880139229,5.019758099
4.873380108,5.009599529
4.875888834,5.027312972
4.883322148,5.018513249
4.88327412,5.009575246
4.887346167,5.0096615
4.896542866,5.041870704
4.88538328,5.007703262
4.878969764,5.005783936
4.888314716,5.008798707
4.880301587,5.025813174
4.886297238,5.024350924
4.884927391,5.009330945
4.882132451,5.027924121
4.884890088,5.023339114
4.894339252,5.017260422
4.885282805,5.005706876
4.891730198,4.997340885
4.891003682,5.01353167
4.888990909,5.020259054
4.88340425,5.030850373
4.891172038,5.015853441
4.889809155,5.008966279
4.887286218,5.007196602
4.87993516,5.017191144
4.889743893,5.004412657
4.88473118,5.001340224
4.879129386,5.026341903
4.895595649,5.02137508
4.888237659,5.000832044
4.883068926,4.986087746
4.892765665,5.053526404
4.89027968,5.035635767
4.88735649,5.039995453
4.889032307,4.996847451
4.884838137,5.024023317
4.887882291,5.009561291
4.881903165,5.034864253
4.892063605,5.006673996
4.88678838,5.03270378
4.889001352,5.019264327
4.892332225,5.027019924
4.890768693,5.015149193
4.885638512,5.018812226
4.895193463,5.012352161
4.897832187,5.018691771
4.887353523,5.030274589
4.899344095,5.032608312
4.893190488,5.020465746
4.883526409,5.014552592
4.898390896,5.012300503
4.891262392,5.027983352
4.895740372,5.018642867
4.885001477,5.016542997
4.896674226,5.042036406
4.888379534,5.018483374
4.88432294,5.036556885
4.898181818,4.978527286
4.894254927,5.011267958
4.891506978,5.016937637
4.89127715,4.983980359
4.891957767,4.997781502
4.896924401,5.025403854
4.905524082,5.005980564
4.899479663,5.005010508
4.903806126,5.01909784
4.887559592,5.003801481
4.90020698,5.037786235
4.894063969,5.003484794
4.889199537,4.998223097
4.893884216,5.008556647
4.893584452,5.012705238
4.902359028,5.017358313
4.898193333,5.023522878
4.906619591,5.02413559
4.900115634,4.99220368
4.895567098,4.994385623
4.905402259,4.993734485
4.896232391,5.010556831
4.892885008,5.03144116
4.90198599,4.986030348
4.893434679,4.997894389
4.897890826,5.00887997
4.891422297,4.99585951
4.894957022,5.007559009
4.897544653,5.024607819
4.910388385,5.004987234
4.889400728,5.021293946
4.900622143,5.019389514
4.900516219,5.005183428
4.904823671,5.008893621
4.905014698,5.013386444
4.904295057,5.005677594
4.896798627,5.002285747
4.89966286,5.002879604
4.897608297,5.037991638
4.895282755,5.019600313
4.899874209,5.005156658
4.892088468,5.019121859
4.899594528,4.990582334
4.896232497,5.006321456
4.902733063,5.005945866
4.898732237,5.015882918
4.88815521,5.034916295
4.905767867,5.020200756
4.89345814,5.020872055
4.901076726,4.998968047
4.891054471,5.006510141
4.894940292,5.025127398
4.906344121,4.998485652
4.891543814,5.015887288
4.906650022,5.009745933
4.91149661,5.007705875
4.890485527,5.02155237
4.896459455,5.041439301
4.892851177,5.011602259
4.899427697,5.028874872
4.903735646,5.00415531
4.899938088,5.015680334
4.891266248,5.017407206
4.901907098,5.029633229
4.900295978,4.999355883
4.89241609,5.018575492
4.895708182,5.022412327
4.8980419,5.017988111
4.90113852,5.019943582
4.912471981,5.003485528
4.900169756,5.006396083
4.898726261,5.028415095
4.898930968,5.007675236
4.897560431,5.003404781
4.912188202,5.033816282
4.898404156,5.009415036
4.907767923,5.009011833
4.901209987,5.020529271
4.903472823,4.999131463
4.899771181,4.995443428
4.903400064,5.011191026
4.898064627,5.001448683
4.893611581,5.015003614
4.902689145,5.022784374
4.900133268,5.007532294
4.912130517,4.99535611
4.897774104,5.035318386
4.903207129,5.028073704
4.905557281,5.003510327
4.909557725,5.023589605
4.910634133,5.014402039
4.9056078,5.009181935
4.913540445,5.011326451
4.904822437,5.002467084
4.903817602,5.000938279
4.900051779,5.028402076
4.905884181,5.021173983
4.901313498,5.026048951
4.912026003,5.004921682
4.907091302,5.017516658
4.903533045,5.016692085
4.904115468,5.010622433
4.904649316,5.02769216
4.91507165,5.005777942
4.894786328,5.002894592
4.913042266,4.996855466
4.909347058,5.00061476
4.904250489,5.031308324
4.907463246,5.024528022
4.905350987,5.034719034
4.908520238,5.035427163
4.905959425,5.010444481
4.910422577,5.027611826
4.912373217,5.012052944
4.916518408,5.029903244
4.902546248,4.986881701
4.901544572,4.993195831
4.911164135,5.023676117
4.906151218,5.011514336
4.913376637,5.009973434
4.906857159,5.010823898
4.894019188,5.020750068
4.909804844,5.01698094
4.894957556,5.00457673
4.916562028,5.006766391
4.921800694,5.023346213
4.900332002,5.015660834
4.911020173,5.023040065
4.897286347,5.033922206
4.900644325,5.021677947
4.913341267,4.996544139
4.90452307,5.020979824
4.903050884,5.016573564
4.902082067,5.017463744
4.913678663,5.020697628
4.907005122,4.992876786
4.91344706,5.038402819
4.911848183,5.031329576
4.912463838,5.014423905
4.908089004,5.003181765
4.92750765,5.022689348
4.919578083,5.016680229
4.899562027,5.004592511
4.918033752,5.043425104
4.914295516,5.03394558
4.920480008,4.997129142
4.911396898,5.024026231
4.917988359,5.004355387
4.912312499,5.01069287
4.909176392,5.024196614
4.917829921,5.007001954
4.917042678,5.030423062
4.908064386,5.013032858
4.916708961,4.998439756
4.909534093,5.01890486
4.924480238,5.037392407
4.923511019,5.028298431
4.907889276,5.007587999
4.917806983,5.011593314
4.915964307,5.003081315
4.905765586,5.031661356
4.908482979,5.014153567
4.926536855,5.044150026
4.908198821,5.011331779
4.919937328,5.007394106
4.923362468,5.022486484
4.915550565,5.011546109
4.911762694,5.019800534
4.909148124,5.025347918
4.919181384,5.016151874
4.900115709,5.02095791
4.906760943,5.015396362
4.914496065,5.007916352
4.922566226,5.031228046
4.90829352,5.021064778
4.918279162,4.993458463
4.92130639,5.011367706
4.901790843,5.014868274
4.913530023,5.012142951
4.912987164,5.011955128
4.912435635,4.999125444
4.914268863,5.01843717
4.910567765,5.028909735
4.915034437,5.002188578
4.917826453,5.020979677
4.909292753,4.995818818
4.911069286,5.026559918
4.91658244,5.031149547
4.912519273,5.024505842
4.912713128,5.030809457
4.91026569,5.026443871
4.919637477,5.010050627
4.91732605,4.998366535
4.914224419,5.033661917
4.907257067,5.015850102
4.916132869,5.002917027
4.917936671,4.981347295
4.914437217,5.012288934
4.918370948,5.013387278
4.91686264,5.000189952
4.915779313,5.033523689
4.919424432,4.998185606
4.910259496,5.026364816
4.92367658,5.007240563
4.914568737,4.996320645
4.917795391,4.991211135
4.911385124,5.011740597
4.923084414,5.012934663
4.912009872,5.007752345
4.917866365,5.006138011
4.914996667,5.027015236
4.919095863,5.025386549
4.904464009,5.020257891
4.922416096,5.002263903
4.915232999,5.015544825
4.917955967,5.034666682
4.911853011,5.024202324
4.921803152,5.006556603
4.908975357,5.035417801
4.918779669,5.031374411
4.928200323,5.006568177
4.921378002,4.988984678
4.919520551,5.018951415
4.918555221,5.014209017
4.916136152,5.000539248
4.929519304,4.994948075
4.92924906,5.013905731
4.929851879,5.011496738
4.912879783,5.012765828
4.92808027,5.015396088
4.912909628,5.012123479
4.916749852,4.993284687
4.911656863,5.030143378
4.919698949,5.007866685
4.931815572,5.024252018
4.926964282,5.01494952
4.917304571,5.005380754
4.911256395,5.025273218
4.92175584,4.990570257
4.93444166,4.999721592
4.91849523,5.026655129
4.913047367,5.017294667
4.926296476,5.01261219
4.912663914,5.029967141
4.925870425,5.011094096
4.918995559,5.026900473
4.923705841,5.038166754
4.912282625,5.053565662
4.922710019,4.98792777
4.922338227,5.033740508
4.919784316,5.018394117
4.937202127,5.000500244
4.92020743,5.035245542
4.912595138,5.00624897
4.91689488,5.035885738
4.913913682,5.01527054
4.921549342,5.029731741
4.922514967,5.019501694
4.921447869,5.01518145
4.923323438,5.021507095
4.921200006,4.998487742
4.917301802,5.004237741
4.920785479,5.027488091
4.931498762,5.005003773
4.912983704,5.013013859
4.930156032,5.002861202
4.910716242,5.020545887
4.926207369,5.00548697
4.935591368,5.021021365
4.927113225,5.034913512
4.92205007,5.026486197
4.931800298,5.029031161
4.924975057,5.011572052
4.924577723,5.029840979
4.921784377,5.007778144
4.912261618,4.997744661
4.920409394,5.022951397
4.929599681,5.014296131
4.925425914,5.022554808
4.925075327,5.000776871
4.928603655,5.023540922
4.923124149,5.005718586
4.913379429,5.02370271
4.932719463,5.017202456
4.921020992,5.02581439
4.928595995,4.994713181
4.912529136,5.013474822
4.915615761,4.995656811
4.917545989,5.020020361
4.938744496,5.01849591
4.915358516,4.986395359
4.923796426,5.021492094
4.924302787,5.005066837
4.93233069,5.006014108
4.923447707,5.018681671
4.923759557,5.010430031
4.926933067,5.016924434
4.934422603,5.018134641
4.924611444,5.018633331
4.926315412,5.026064342
4.92144969,5.03923818
4.935974312,5.021725228
4.916717524,5.017018908
4.923926468,4.975063139
4.915964124,5.010668891
4.924207014,5.03125853
4.926795805,5.032684692
4.927420783,4.99864103
4.921108197,5.018153511
4.92459717,5.028880326
4.92017536,5.002105268
4.917093596,5.029431319
4.924761455,4.998650579
4.925448248,5.016922668
4.917252007,5.030362569
4.939028252,4.994389811
4.928748147,5.012371
4.934744791,5.006102173
4.917503916,5.031154163
4.923176717,4.998046546
4.924379292,5.017214924
4.923705157,5.005660086
4.924241409,5.034651595
4.927125182,5.024512754
4.927287662,5.00963027
4.92287471,5.019186865
4.92558609,5.029452255
4.925286073,5.041346608
4.923478274,5.027919617
4.918216865,5.028675496
4.92095576,5.016562604
4.930114061,5.016494757
4.926815037,5.013945291
4.927900406,4.999728183
4.926900195,5.026458121
4.926098224,5.035164475
4.927195809,5.029032203
4.913031813,5.010676653
4.92547428,5.010258119
4.928774919,5.02084929
4.930556631,5.007913049
4.926045048,5.03995665
4.931322107,5.036070574
4.935512451,5.002698455
4.945213071,5.019016188
4.93701864,5.012889203
4.924436974,5.034160778
4.929889822,5.014083991
4.932480373,5.016547741
4.921705743,5.008219132
4.924101577,5.043170898
4.924880124,5.019423338
4.933427048,4.985087775
4.926232826,5.008729078
4.93186684,5.006301858
4.923861041,4.998492856
4.923903559,5.011327211
4.935975729,5.013105807
4.91672588,5.015248741
4.932677616,5.018822555
4.923633443,5.006243957
4.940130948,5.013890711
4.928921912,5.020739854
4.919476626,5.021656192
4.924083444,5.012496126
4.927770333,4.99253051
4.926915529,5.03590501
4.932199338,5.017789763
4.923219597,5.009035449
4.926587305,5.007600465
4.922004689,5.00908421
4.931865435,5.033089091
4.932561439,4.998618956
4.914879338,5.02025215
4.92288186,5.007225837
4.925208559,4.991036672
4.92660761,5.042952709
4.939511164,5.010709261
4.927001743,5.000334359
4.93181221,5.023377243
4.926388994,5.004278568
4.937227611,5.034724283
4.915071699,5.025716163
4.931252991,5.026669405
4.92375894,5.022883384
4.933651808,5.007308316
4.917006969,5.020686401
4.931000931,5.023555797
4.932412691,5.010320824
4.930658473,5.04480457
4.92632309,5.002054941
4.928806092,5.001735761
4.941183748,5.00953514
4.934285246,5.007757038
4.937174799,5.014844132
4.939665686,5.046848931
4.928365265,5.013408328
4.938042882,5.032068599
4.926334721,5.000076792
4.936785799,5.024439542
4.928552229,5.016798581
4.936348605,5.028271345
4.937349237,5.023477025
4.939380002,5.012556878
4.932747087,5.015100727
4.93725847,5.023175111
4.933215315,5.007349762
4.924981731,5.023506954
4.928275451,5.003653667
4.932087539,5.006554184
4.921913892,5.006478048
4.924289749,5.026233527
4.934921816,5.026854578
4.932998931,5.017992316
4.928294593,5.013697287
4.931142003,5.014731975
4.928540156,4.99357822
4.93419185,5.022880567
4.934231818,5.038098182
4.937381749,5.000051094
4.933906113,5.011203552
4.935961328,5.004902517
4.935929663,4.999811494
4.930550465,5.021142463
4.929100358,4.995176139
4.929329878,4.993406936
4.935058619,4.980815763
4.947132008,5.020850462
4.927626222,4.999916025
4.933958697,5.033782187
4.939231072,5.01767117
4.935369545,5.01793615
4.934645623,5.005793707
4.927609856,4.984292871
4.935358486,5.027115435
4.948468317,5.019791123
4.935467347,5.016508636
4.936683489,5.033658172
4.927155269,5.008553168
4.931703736,5.014699861
4.940239264,5.023140316
4.936307815,5.028328979
4.938979484,5.009692659
4.92599041,5.023827914
4.932554234,5.018509971
4.93157745,5.001341746
4.931581341,5.022449135
4.93305482,5.014050992
4.93138598,5.020025951
4.94164255,4.981197436
4.938731965,5.005135942
4.929184233,5.026323078
4.932335279,4.998738837
4.937960416,4.999816254
4.939880203,5.029291305
4.93996168,5.005018816
4.936400984,5.015982983
4.939107392,5.008493254
4.933849779,5.007593901
4.921845079,5.014526452
4.944174894,4.996931762
4.939264659,5.017183907
4.928118832,4.978020231
4.926964835,5.017564493
4.929505948,5.027882774
4.932467444,5.018928314
4.938575019,5.019615096
4.934308084,5.015461104
4.93488572,5.002144927
4.938659614,4.998974347
4.937268498,5.030182409
4.933549345,5.021873247
4.91790264,5.027930233
4.943273368,5.009566905
4.935947024,5.028947601
4.941797168,5.003313397
4.939111584,5.008353728
4.940417131,4.994809916
4.93479728,5.00471985
4.930432672,5.003101303
4.946908805,5.0289987
4.941942009,5.024851676
4.937140353,4.999416615
4.935220121,5.028150353
4.937081078,5.025956039
4.944090209,5.015130093
4.940489462,5.015533003
4.943819249,4.998179307
4.932080127,5.001501639
4.946898043,5.009198186
4.933375034,5.012490301
4.937844787,4.984286086
4.939388359,5.010297468
4.929466996,5.011835689
4.937151621,5.038510621
4.938532593,5.029576017
4.942014908,5.016693961
4.933236671,5.018144137
4.943261105,5.017830442
4.934660305,5.028015851
4.935146306,5.029305091
4.935563998,5.009816148
4.931593867,5.017420851
4.935085933,5.042437292
4.928650992,5.029014312
4.937007806,5.018730174
4.938476655,5.007976338
4.950609427,5.002199512
4.932359745,5.008906421
4.932915656,5.026103947
4.932859023,5.011114361
4.947995331,5.024523441
4.942325864,5.021370102
4.938795299,5.026371982
4.935867637,5.013266463
4.945193351,4.99993411
4.938921134,5.009026221
4.947069865,5.021375937
4.94191108,5.008967708
4.933009961,5.028369677
4.92825043,5.028132328
4.923821975,5.000657102
4.942436995,5.005671095
4.953453416,5.006894497
4.944812679,5.018910148
4.937356555,5.018440238
4.936616673,5.03505965
4.939160027,5.017574153
4.948493231,5.016285021
4.94744268,5.032206334
4.941921547,4.995392759
4.941074956,5.011557347
4.938755238,5.008734227
4.928300905,5.022299634
4.944658245,5.017111255
4.948752982,5.047482435
4.932993893,5.03840639
4.942140643,5.008956411
4.945547978,4.990749203
4.932441534,5.026131666
4.93648528,5.010347297
4.948353689,5.001529982
4.936111138,4.998372281
4.944299396,5.010562226
4.93649452,5.023731553
4.93622341,5.023557684
4.939078577,5.01050616
4.930460959,5.017106941
4.941342932,5.026072815
4.944551374,5.033308358
4.933474939,5.025038242
4.939351027,5.017323624
4.94171847,5.00899117
4.941007169,5.011252379
4.946187211,5.017023685
4.931110972,5.004406552
4.950364067,5.002647181
4.950128719,5.013618753
4.933202495,5.01233969
4.955789094,5.006823815
4.939321823,5.014577735
4.929595044,5.027960843
4.934384878,5.019002217
4.957127264,5.013273105
4.956965651,5.006563585
4.948444141,5.016960827
4.941799748,5.02507469
4.939582547,5.038105052
4.942043415,5.018846453
4.944397987,5.017031972
4.934442682,4.995123934
4.939951563,5.014943268
4.947361538,5.024721727
4.931626485,5.01437339
4.939189886,5.035320306
4.939660227,5.021591143
4.946129998,5.007893199
4.935835326,4.998509493
4.929748382,4.998461113
4.943556384,5.04030464
4.933505849,5.029658699
4.940836091,5.00711293
4.953994527,5.018484211
4.936798219,5.012092872
4.942269802,5.015558578
4.947416575,5.018087635
4.948422341,5.004590767
4.933079226,5.011067075
4.949163146,5.005184722
4.934998312,5.010663115
4.948369829,5.035908408
4.941266204,5.01665558
4.946039772,5.019628206
4.936497921,5.02770017
4.939857167,5.011823692
4.941043182,4.997040614
4.948717684,5.013850214
4.943201865,5.037642752
4.950423038,4.995429994
4.942367403,5.032240297
4.936476516,5.028461578
4.952536956,5.025464857
4.949595115,5.008790282
4.950545303,5.018270847
4.942685576,5.008228214
4.945703183,5.023923547
4.943501724,5.002569664
4.940057791,5.007896591
4.938275897,5.010809551
4.944686534,5.024407083
4.942126031,5.017700844
4.952049365,5.037819346
4.940549676,5.013202851
4.953391509,5.012323685
4.940069564,5.020359848
4.934335159,5.034822458
4.949132677,5.015126823
4.944138103,4.999590476
4.94848778,5.006550764
4.945027584,5.015828501
4.931801123,5.045179791
4.951615602,5.014645661
4.942361202,5.010605241
4.941311317,5.030596045
4.950647949,5.00343131
4.943066377,5.012394753
4.950764157,5.022182382
4.935723526,5.020474276
4.944593189,5.009682772
4.952449775,4.998367582
4.948734429,4.994842399
4.945267019,5.019296148
4.96249221,5.012878609
4.944405133,5.002585302
4.957023007,5.020446928
4.942372948,5.024608897
4.942183264,5.007063242
4.939521301,4.988423263
4.946458111,5.011106911
4.94744456,5.016055386
4.933960763,5.015155772
4.944576975,5.00663321
4.939246846,5.036380699
4.942515578,5.026144721
4.939318803,5.021534769
4.950728787,5.022300946
4.941967919,5.036812092
4.950584156,5.018282316
4.933270336,5.014858108
4.940917626,5.026464746
4.955493427,5.038707983
4.952769542,4.990781648
4.956077608,5.042699421
4.948368458,5.011178764
4.940176901,5.012212445
4.94164626,5.008949262
4.942605109,5.038119329
4.94241031,5.019381456
4.949887111,5.047742351
4.943274281,5.025128342
4.945226755,5.003069886
4.943184642,4.990574876
4.940763519,5.023704313
4.943962716,5.025722148
4.944584215,5.011743813
4.945851255,5.004392591
4.943424782,5.007750592
4.945623296,5.013007162
4.943830491,5.017511814
4.958865848,5.024062554
4.954546627,5.041535864
4.947633065,4.994211507
4.948163994,5.021005639
4.939316217,5.004606548
4.94855958,5.009511377
4.94256422,5.01462011
4.956476628,5.007204931
4.941366979,4.990319516
4.942261852,4.999186208
4.948574989,5.020258057
4.934751338,5.000377889
4.939661785,5.013138267
4.951992296,5.006787479
4.94435327,5.020810853
4.951755729,5.018392319
4.959801036,4.990234453
4.959305987,4.990400398
4.95162719,5.02330211
4.954170676,5.002840284
4.941006387,5.015622437
4.952353516,5.028887466
4.951528258,5.018074549
4.949141564,4.999401733
4.950390094,4.999434153
4.94898955,5.005495699
4.940879405,4.988303166
4.947685716,5.011060079
4.944100973,5.015044453
4.948898952,5.018299608
4.945970459,5.012770264
4.952536397,5.034250776
4.937509196,5.018996563
4.952470088,5.034654229
4.939771392,5.02605557
4.948149748,5.012086712
4.946155458,4.996002578
4.946946802,5.002702736
4.941770903,5.027251325
4.951027652,4.991972685
4.942179372,5.013718353
4.939574459,5.013507623
4.945101493,5.012223574
4.95785451,5.016404998
4.938976705,5.022477259
4.957068141,5.01408871
4.952173002,5.002006622
4.937752709,5.004941486
4.941652419,5.010987839
4.93479128,5.01253321
4.938136897,5.030246279
4.945565008,5.002979701
4.949782078,5.041654448
4.945025264,5.027921914
4.944132396,5.023389619
4.948883909,5.01243224
4.942496503,5.008963646
4.943850622,5.009426175
4.945697219,5.009383251
4.943638143,5.019934425
4.957681004,5.026018031
4.941164125,5.000184691
4.95119416,5.052832436
4.950934696,5.004179548
4.943241382,5.012143678
4.949426652,5.023223569
4.946343956,5.009444312
4.950465948,5.035802204
4.94971653,5.038799579
4.954096853,5.033578896
4.949591678,5.000066251
4.951276831,5.014268472
4.945529347,5.004382322
4.96103579,5.015531768
4.948502113,5.012446306
4.937795787,5.028502
4.953695025,5.017950895
4.951393266,5.00049128
4.96084595,5.01831894
4.944550248,4.992986305
4.950089801,5.014591545
4.95862058,5.031244105
4.954221512,4.993608948
4.944477284,5.029295201
4.946730476,5.030125302
4.943139574,5.036234765
4.957769942,5.02019351
4.947102882,5.00601389
4.963877589,5.040442913
4.940743231,5.015557863
4.957760206,5.030911185
4.936951101,5.01335596
4.95299931,5.035252071
4.9495966,4.999590687
4.955724798,5.025563944
4.948265617,5.028508672
4.951386694,5.021176583
4.946029827,5.006927731
4.943086619,5.027894854
4.950240266,5.001234065
4.947649434,5.028508842
4.960213706,5.033703071
4.950181775,5.020972465
4.955324649,5.029243166
4.962020254,5.011289338
4.941003788,4.999016831
4.945453325,5.016674963
4.950380256,5.007361546
4.95144331,5.014574952
4.957747536,5.02192988
4.950506628,5.011484959
4.955043604,5.022785754
4.943218033,5.024336665
4.953152288,4.974899621
4.951662488,5.015242999
4.948022214,5.007539535
4.948187156,5.012344811
4.947676127,5.00505513
4.948977895,5.021931188
4.938703709,5.02664604
4.93975103,5.036193651
4.956921148,5.040226959
4.967377832,5.00295068
4.947543621,5.004134872
4.960392343,4.99109805
4.945060541,4.999235905
4.949517704,5.000940852
4.960537301,5.02172106
4.947188661,5.012557986
4.95099683,5.015551053
4.954157849,5.003184905
4.951599508,5.012846744
4.950461586,5.000634689
4.948182523,4.996170624
4.950794704,5.024809551
4.948705704,5.023074934
4.952612752,5.011250348
4.963830058,5.033610059
4.955095681,5.02638807
4.951845648,5.035602215
4.953440421,5.000919234
4.949521305,5.003531798
4.960542563,4.9971638
4.941178263,4.996262764
4.951364717,4.993430528
4.9589898,5.01308688
4.952285005,5.010815118
4.938542371,5.007468618
4.951763362,5.003199438
4.958507832,5.02839675
4.947844028,5.010422042
4.946016578,5.029293856
4.942144243,5.012161042
4.945656343,5.014226261
4.954842998,5.016956283
4.951026864,5.026681881
4.956260138,5.029643865
4.957736682,5.005596634
4.9407942,5.017843702
4.952020083,5.00870178
4.952810373,5.027279329
4.960787139,5.036403821
4.951535483,5.031450364
4.948625486,5.019545334
4.959840854,5.02263942
4.944688163,4.994152478
4.948381527,5.00996791
4.952712415,5.021307013
4.951920128,4.985356965
4.953243416,5.042718849
4.958743136,5.027142323
4.949813928,5.032551153
4.963091858,5.037933628
4.945545807,5.04040264
4.956900367,5.010537758
4.959148073,5.012253248
4.957399553,5.007761472
4.957616663,5.001142511
4.950359185,5.017392694
4.945777922,5.026342383
4.95614014,5.03322176
4.943766921,4.992743672
4.954244963,5.014797412
4.951289007,5.026520809
4.952863495,5.019226329
4.94595801,5.017453245
4.964216727,5.010708391
4.952371444,4.998501766
4.950248915,5.022858267
4.961762341,5.021289097
4.958905315,5.008568268
4.953753514,5.018258075
4.944410419,5.022822892
4.957142919,5.004513387
4.952960938,5.022591944
4.95458589,4.985587957
4.949186384,5.025151472
4.960995301,5.030305645
4.956624596,4.992705654
4.956504445,5.006108182
4.949910721,5.026151744
4.955327188,5.01576509
4.946411412,5.006505554
4.952723048,5.009497116
4.952383318,5.023819477
4.94647697,5.025072673
4.954735693,5.034470562
4.951522132,5.027880011
4.94783063,5.005891701
4.940472982,5.018108974
4.948752973,5.016718087
4.953409911,5.027132962
4.956671563,5.015121058
4.947270586,5.004701849
4.942186772,5.003800644
4.961785461,5.008198304
4.956044056,5.036405785
4.952102307,5.002956127
4.959046858,5.000810711
4.963954356,5.01702467
4.95440063,5.019951548
4.955454586,5.0009308
4.960725174,5.016899085
4.962554747,5.025376059
4.954041778,5.005351399
4.962180041,5.025168359
4.95983225,5.024346054
4.942079233,5.005102518
4.96031827,5.008595086
4.950755034,5.029970219
4.966508052,5.007786914
4.950976444,5.023265753
4.952502441,5.024686103
4.955243917,5.021436143
4.953042883,4.984578055
4.958737975,5.008003063
4.958838722,4.997972649
4.955018493,4.990458065
4.95308517,5.018999376
4.947606259,5.011352631
4.951940986,5.042318764
4.955207438,5.005580014
4.954695923,5.005813911
4.952264852,5.035296032
4.963902101,5.004749396
4.949274932,5.025091974
4.951070412,5.014866941
4.953588646,5.020470356
4.946789812,5.013567439
4.950103502,5.013378152
4.95623215,5.033592395
4.946417527,5.018490348
4.952141838,5.037254391
4.941973498,5.013294895
4.949480377,5.033946349
4.963775085,4.995223246
4.940930657,5.030694145
4.960609234,5.034907129
4.954599878,5.023337728
4.958311097,5.024057158
4.946841678,5.026802776
4.956381938,5.022557881
4.951320845,5.016571531
4.961845209,5.018756666
4.960006802,5.030502844
4.961372836,5.047212933
4.961101939,5.045373873
4.95850273,5.021791048
4.959865866,5.023676081
4.958654049,5.020971509
4.951018582,5.009655651
4.947422553,5.009460752
4.954777671,5.030827037
4.973651983,5.020968611
4.952757845,5.002384974
4.941728864,5.004426349
4.958850229,4.996933546
4.951061489,5.003795916
4.961985603,5.017711256
4.964642545,5.014355763
4.967396274,5.012134487
4.956931157,5.010292715
4.957151669,5.016077879
4.963920686,5.036385392
4.958169916,4.992511104
4.955142385,5.018444607
4.96369066,4.994077591
4.957490491,5.008379254
4.949575329,5.023942428
4.959378768,5.035679682
4.963239509,5.005915728
4.952269246,5.051950567
4.956614385,4.989539955
4.951431157,5.027939371
4.956395335,5.018967279
4.962975375,5.008036389
4.94795371,5.01744199
4.947023459,4.988199029
4.954145171,5.009602344
4.963614137,5.029092993
4.948859104,5.023019114
4.951803898,5.002288757
4.962379033,4.998291802
4.954791558,5.050409293
4.951670486,5.02251214
4.960223656,5.017012751
4.961787144,5.005698836
4.955572483,5.011594977
4.948626768,5.016021052
4.960713695,5.038665998
4.955869695,5.02335477
4.974027167,5.026647057
4.953435228,5.008901014
4.962404312,5.016797998
4.959965617,5.032565224
4.972781351,5.020137757
4.951051051,5.038727495
4.968900758,5.024893299
4.956196327,5.011764966
4.949414088,5.009858555
4.951373481,4.995356669
4.951050985,4.993182299
4.94589236,5.024983705
4.953473126,5.014724659
4.956587868,5.009130348
4.955550103,4.994507393
4.956859963,5.00659651
4.960798428,5.003629436
4.946959269,5.023531637
4.953439319,5.008055142
4.956866768,5.011603131
4.949485697,4.985115026
4.962929167,5.014816716
4.948823228,5.023141806
4.956571529,5.01439026
4.960999476,5.027647778
4.948311453,5.017779421
4.954572099,5.012796949
4.966654966,4.999380674
4.958824211,4.98762379
4.957090689,4.997470466
4.964129151,5.011120672
4.956970733,5.034049292
4.954437545,5.034454971
4.964925392,5.029755905
4.959716206,5.016208818
4.96695231,4.997823168
4.960526735,5.038388159
4.949445823,5.018978289
4.960175212,5.016694817
4.964384647,5.032057783
4.964170768,5.009962479
4.962964416,5.011935156
4.955656393,5.020688029
4.963548777,5.026386345
4.956658101,5.042427026
4.959906811,5.009398945
4.950882901,5.017255478
4.960091498,4.997414234
4.958599801,5.015884514
4.956136057,5.016978986
4.95131737,5.0237318
4.948656678,5.016268366
4.961248929,5.002548328
4.939029076,5.028461228
4.964528116,5.001853231
4.970716357,5.010960502
4.951914567,5.024558498
4.964775055,5.027577565
4.95031909,5.011913396
4.96365441,5.013373494
4.966344994,5.035460937
4.949637465,5.029632886
4.961415631,5.013923293
4.965294691,5.015632138
4.963015397,5.032402373
4.962930195,5.012126236
4.963626489,5.002158035
4.968413979,5.003641906
4.968239555,4.997259393
4.952802317,5.011264206
4.965813643,5.002972336
4.949708174,5.014115813
4.956945854,5.006679109
4.958788156,5.014939309
4.961211363,5.004598933
4.961286112,5.015610134
4.956932176,5.003432366
4.959515598,5.01124796
4.949967388,5.022337688
4.957157508,4.990464238
4.966026953,5.025953195
4.957409973,5.024793755
4.973343017,5.027264418
4.971585779,5.034972185
4.960569304,5.001685329
4.958794573,5.031899198
4.950360939,4.990339946
4.959249148,5.032080213
4.96047784,5.025927993
4.952529262,5.038637977
4.947078451,5.010323627
4.945504279,5.02401388
4.961466682,5.015331307
4.962506132,5.012123026
4.95125822,5.01234324
4.963830128,5.034784527
4.950366072,4.996747638
4.96174072,5.006460141
4.951936682,5.041283773
4.957555529,5.010855031
4.970226831,5.006951833
4.953792938,5.004794735
4.952195409,5.025358525
4.954406182,4.994530893
4.955461328,4.989482773
4.960201386,5.021666182
4.967823582,5.02675871
4.942727286,5.022697839
4.950401607,4.986802368
4.955575717,5.033629303
4.95850765,5.009859347
4.959269083,5.0131291
4.960018355,5.0297243
4.965320318,4.995112565
4.962922937,4.994509668
4.958631284,5.0274591
4.962131833,5.013493982
4.954319318,4.99255662
4.956271029,5.005625108
4.977502483,4.994249545
4.951921763,5.043246698
4.952261295,5.021543567
4.965430504,5.002305258
4.966321362,5.016679303
4.962675834,5.03891748
4.959813779,5.032610469
4.953528346,5.011525542
4.960892218,5.019447113
4.957771234,5.022668618
4.963266509,5.020142464
4.95976247,5.015067379
4.958355284,5.033846609
4.970296275,5.001965213
4.958094473,5.009812179
4.966644414,4.995487129
4.95681273,5.022570943
4.963155118,5.029939084
4.963493399,5.006960527
4.966085433,5.010179857
4.96093699,4.992911061
4.953447133,4.99858541
4.952740474,5.010453161
4.954763505,5.032867799
4.970449092,5.008198605
4.962119482,5.028618677
4.970724956,5.012785673
4.967350869,5.024730635
4.963300532,5.021430583
4.954900982,5.01877591
4.968498378,5.022268089
4.962879403,5.004015657
4.970284746,5.01365652
4.959323888,5.019668799
4.948565174,5.020171056
4.963832442,5.013020841
4.952992884,5.018432256
4.955214348,5.024433844
4.959239396,4.995134805
4.963558673,4.994519696
4.970602697,5.005728358
4.955021011,5.007761431
4.961814301,4.987006413
4.954266182,4.985274087
4.958351983,5.008916862
4.966489535,5.024962115
4.968722876,5.03209171
4.97002904,5.00070617
4.953215026,5.021089256
4.965006447,5.004632516
4.959708491,5.00921598
4.968816059,5.001728973
4.969070799,5.011361209
4.957914008,5.015084733
4.961393581,4.985681933
4.956905105,5.033412451
4.959788231,5.008722015
4.958330824,5.004429764
4.967307267,5.019861628
4.96457823,4.9873838
4.958313648,5.027115567
4.966126352,5.013302626
4.963871235,5.047549696
4.96055703,5.014652397
4.950923639,5.021327701
4.952098022,5.011246801
4.964773676,5.007002119
4.956919612,4.992767986
4.967233803,5.01547165
4.95630018,5.004683957
4.9663186,4.999769786
4.969398983,5.010675878
4.959392505,5.019019692
4.970509477,5.029768208
4.9534728,5.005337567
4.964176615,5.030880398
4.958275995,5.027069823
4.974396364,5.006950659
4.963433533,5.006267765
4.969028833,5.024345523
4.968490087,5.006340375
4.956984561,5.022166845
4.958333645,5.015773235
4.969044622,5.012597482
4.952310267,5.009026237
4.953733802,4.995029797
4.959963751,5.021943007
4.969292608,5.018302597
4.960344456,5.029199297
4.960335949,5.008157754
4.963946233,5.028508052
4.953062271,5.015714892
4.960616439,5.024190886
4.966318333,5.02464048
4.971707906,5.004282357
4.964555464,5.025636901
4.963796399,5.005531658
4.94778844,5.019673358
4.964172934,5.031580692
4.957866705,5.024277888
4.95907682,5.023916647
4.955281202,5.007267975
4.967676498,4.993474994
4.967609517,5.034660033
4.960467397,5.002274353
4.955506266,5.012208247
4.967232394,5.016769578
4.962625033,5.00763448
4.962909951,5.010719385
4.956733329,5.012444589
4.962832381,5.029516974
4.952928844,5.003064227
4.964878414,5.024992893
4.965916681,5.011528014
4.970127643,5.007580801
4.964897877,5.012080417
4.958302335,5.022691745
4.964723964,5.006257365
4.960168473,5.027111085
4.96493818,5.021389329
4.971640889,5.038116682
4.961644941,5.024364034
4.976042921,5.01435945
4.9669243,5.031481638
4.962699923,5.019424731
4.9755093,5.024795374
4.956914377,5.0181103
4.96388747,5.02931055
4.956331459,4.985853074
4.971917889,5.008370674
4.961674973,4.992320782
4.963732214,5.014686587
4.965160751,5.013802734
4.969435543,5.020419456
4.963430189,5.041179533
4.960855953,5.010762547
4.973372736,5.00968765
4.967575983,5.018842367
4.964505527,5.026040523
4.954948411,5.011386629
4.960864991,5.003219936
4.9660937,5.013950859
4.963417396,5.022470243
4.961600599,5.016219293
4.960658195,5.042237792
4.951274536,5.022208576
4.960464971,5.024233851
4.958983169,5.022765995
4.95386049,5.014737108
4.964045468,5.006753248
4.958355365,4.990001259
4.964820311,5.027107776
4.960700654,4.997050374
4.962151337,5.007904601
4.971423465,5.017231772
4.960244407,5.038796658
4.965788895,5.040438887
4.965316678,5.022201335
4.964405187,5.021355989
4.966815046,5.023841649
4.966458231,5.01421118
4.973016765,4.998355786
4.965131083,5.052027252
4.966786022,4.997611017
4.965571443,5.002480172
4.951935934,5.016923049
4.966827817,5.010537076
4.964089479,5.01615007
4.953955032,5.014446715
4.958650407,5.007391757
4.948943036,5.014780799
4.965730849,5.02794669
4.958887452,5.022297083
4.968251105,4.999357482
4.96623239,5.006619506
4.96058144,5.02682768
4.957896466,5.01372792
4.973643511,5.012699481
4.975663724,5.028363921
4.963481101,5.021128497
4.953524276,5.016503087
4.957091969,5.030264208
4.959895687,5.020036105
4.961076458,5.017446044
4.95940105,5.03589587
4.964515481,5.017402796
4.971911833,5.035347764
4.956675475,5.003451058
4.954299106,5.013089169
4.968245722,5.015722592
4.963435302,5.042008606
4.973226127,5.017494583
4.962704034,5.010656321
4.966409417,5.024756988
4.956845597,4.995833538
4.96069823,5.01541856
4.979090944,5.015112604
4.970739293,5.016099221
4.959527394,5.02418946
4.970011205,5.018263203
4.969150964,5.012782605
4.967883824,5.022260051
4.951257922,5.017549008
4.950266897,5.033937857
4.964143502,5.008109104
4.963713477,5.015566421
4.959351717,5.011140798
4.95945495,5.02958382
4.95824493,5.010049191
4.957376848,5.014970899
4.957646291,5.017103461
4.969532116,5.020735336
4.954062293,5.011035607
4.962227212,5.037885245
4.961436264,5.027511872
4.97816261,5.006675712
4.951806121,5.008535709
4.957570357,4.994033859
4.966001095,5.020512554
4.976632267,4.989196579
4.97645334,5.012560604
4.97164584,4.996921156
4.960250551,5.035281978
4.964895354,5.017512938
4.971404262,5.031373076
4.958990321,5.016307934
4.967415165,5.018365209
4.95849563,5.00813971
4.96509612,5.028464778
4.953080436,4.999824373
4.965895128,5.024087201
4.965199867,5.044588494
4.968438701,5.007837815
4.964680055,4.996393121
4.964928055,5.012044768
4.959362748,5.000951312
4.966771163,5.029112835
4.963553578,5.024808299
4.973887357,5.01746739
4.962029601,5.004480712
4.961401846,5.004612979
4.963663319,4.991978734
4.953318758,4.992936153
4.96467488,5.007546533
4.960149395,5.021480989
4.968240953,5.019424407
4.960367351,4.999499249
4.965891107,5.024049081
4.970971241,5.028896431
4.964486778,5.022619133
4.958308167,5.027500639
4.950424086,4.998786542
4.975445673,5.023569446
4.964123123,5.014044963
4.963384469,5.026960521
4.966942003,5.030260807
4.957010007,4.99428949
4.982659482,5.000555404
4.961274403,5.042725439
4.956643476,5.009307381
4.966438317,5.005757432
4.971083262,5.006976955
4.958573887,5.024549014
4.972647284,4.999368642
4.969376406,5.027872137
4.96185797,5.017443082
4.965918837,5.037144426
4.97462999,4.988588447
4.975949801,4.991348337
4.958110992,4.99990266
4.961713187,5.030980252
4.967813283,5.030593453
4.963422605,5.034580609
4.974342146,5.025230003
4.970820601,4.994713354
4.961689542,5.032235043
4.974314977,5.021377468
4.972208028,5.010900004
4.965050391,5.023815211
4.969206733,5.017780673
4.969823041,5.02212081
4.971918846,5.032506379
4.968143405,5.032425694
4.960174098,5.02310933
4.967571954,5.014007066
4.969187516,5.007813901
4.963224046,5.005402591
4.953848894,5.020100082
4.956936792,5.012512189
4.96268801,5.011188077
4.960930338,5.007031496
4.970594564,5.019453654
4.972304587,5.014490234
4.964427067,4.997904287
4.96042915,5.008467439
4.967948039,5.02491957
4.977936571,5.029446858
4.969795015,5.027515121
4.96605867,5.001026092
4.962949542,5.010484849
4.967466633,5.026631101
4.958643572,5.029514052
4.963615511,5.007076798
4.969170989,5.013306729
4.969077579,4.997311832
4.963617208,5.021632826
4.978207411,5.014704998
4.966064105,5.026988004
4.962629261,5.02677697
4.966110068,5.001689808
4.970027864,5.003586729
4.976537121,5.007379525
4.960487888,5.028291986
4.965971901,5.01394171
4.964030688,5.007856728
4.96808542,5.011375603
4.971584095,5.015044965
4.965858741,5.027284834
4.959961874,5.012819774
4.962149089,5.008679304
4.972376213,5.014416634
4.958157257,5.021639056
4.968171008,5.045256052
4.970306813,5.017978861
4.9692275,5.010039233
4.963127837,5.016508487
4.968043846,5.03751692
4.966650671,5.015975636
4.975744141,5.012231003
4.969796642,5.032137692
4.97040344,5.007343011
4.9722865,5.048955982
4.958929057,5.013155848
4.960745282,5.022883847
4.96653826,5.004384171
4.964730804,4.983275265
4.966744414,5.012689924
4.971742922,5.027781282
4.965243011,5.018026816
4.968292261,5.003560902
4.967001933,5.017268248
4.971328264,5.014721568
4.974028136,5.02213533
4.968622489,5.003486636
4.974572591,5.013755025
4.977856697,5.031258392
4.97706513,5.021115425
4.965621672,4.994188747
4.958709865,5.014528943
4.972293089,5.02027552
4.970651351,5.025610156
4.960730914,5.022826515
4.966632681,5.030762147
4.975625921,4.979171213
4.971903029,5.028831777
4.973041298,5.0256341
4.970352739,5.015264569
4.970972396,5.045771508
4.964776158,5.023552404
4.96134257,5.00894409
4.978052413,5.022090404
4.96027306,4.989792699
4.972901349,5.017315267
4.963267131,5.018906854
4.970306144,5.026063441
4.969901836,5.017243014
4.970854622,5.015795768
4.977850788,5.000263407
4.966590352,5.02440366
4.958557348,5.02375114
4.978172271,5.022136524
4.963706134,5.010698202
4.95995969,5.026655543
4.967402039,4.988634705
4.955180076,5.015950703
4.965519027,5.019089304
4.963590639,5.031859178
4.971731723,5.022748349
4.958002098,5.031152811
4.965951565,4.994472568
4.95396445,5.019732758
4.961456951,5.000601575
4.966616692,5.00701344
4.974452413,4.982243386
4.968676264,5.021666445
4.964353429,5.043533371
4.973688255,5.016835283
4.97679438,5.013993252
4.975699933,5.006301501
4.969647584,5.001524447
4.965215914,5.019609887
4.970337406,5.008158229
4.966920935,5.02277104
4.969993975,5.036117019
4.967936386,5.028065155
4.971104876,5.026653524
4.968987418,5.012006598
4.957814474,5.016995339
4.979695718,5.014816751
4.963929437,5.026126446
4.960334881,5.021554373
4.962396351,5.016711748
4.960752652,5.003913973
4.966302395,5.027872808
4.967167768,5.011811034
4.964973504,5.018012997
4.95989991,5.005692618
4.960556346,5.007174371
4.958223254,5.009030544
4.967564401,5.018589132
4.975255385,5.025722776
4.965061421,5.028553913
4.978322439,4.991571881
4.973727449,5.018242152
4.963906813,5.037240406
4.978043012,5.01038481
4.962622747,5.016230143
4.971412856,5.036160289
4.977574947,5.023026856
4.970538003,5.039329581
4.975871175,5.032085459
4.96726311,5.024208942
4.968812295,5.007122436
4.965268864,5.019682309
4.9721544,5.020114607
4.96173335,5.006214928
4.973234388,5.028216149
4.968330295,5.030042783
4.960360084,5.010575956
4.961927922,5.026138329
4.966503698,4.992356247
4.963511394,5.006532467
4.971515071,5.003749612
4.96995321,5.031548228
4.970366192,5.000815621
4.971659596,5.014368987
4.96088473,5.009650314
4.970650031,5.013720401
4.96794962,5.026713574
4.962920089,5.00977239
4.961275586,5.036485045
4.971256444,5.027578483
4.973964399,5.015340567
4.966711464,5.025146965
4.965516427,5.016719184
4.974997674,5.037855069
4.975560041,5.017496141
4.975769513,5.023517197
4.977705496,4.984116068
4.958707292,5.035841154
4.974481108,5.059999315
4.970901784,5.013624599
4.96820241,5.006170142
4.969501225,5.006092477
4.973481507,5.007094406
4.963505001,5.002778941
4.970560807,5.018484013
4.972090865,5.023676314
4.971487724,5.037884468
4.964851993,5.021615995
4.964907357,5.016945291
4.977540369,5.005023418
4.979769214,5.00926479
4.966030188,4.995477642
4.963957782,5.005558402
4.96939532,5.022935437
4.97880292,5.021862358
4.958364669,5.014146173
4.965129808,5.004097719
4.971502528,4.999856412
4.972942984,5.013332161
4.973343719,5.0086361
4.980885524,5.023973912
4.967516197,5.028067181
4.968854983,5.033931929
4.973489899,5.006759415
4.965058451,5.039666716
4.964600785,5.02155405
4.971859812,5.004311975
4.972526227,5.021711308
4.963797613,5.041297348
4.965230747,5.009633351
4.978566225,5.034566222
4.968375699,5.028327171
4.960925104,5.036747834
4.965862416,5.009710544
4.975039834,5.016027069
4.967539814,5.007139499
4.977634021,4.99418317
4.973185721,5.018518761
4.959524833,5.002219836
4.96314183,5.011467739
4.965694839,5.014102677
4.968429098,5.013289992
4.964023442,5.026575815
4.960643871,5.051093905
4.97196742,5.020495949
4.969362953,5.009991509
4.95763478,5.012975505
4.978160602,5.017567697
4.973470982,5.038040959
4.969540248,5.013546585
4.976127169,5.003887977
4.964044839,5.019328554
4.981502793,4.998120889
4.969659578,5.015104813
4.960515816,5.019107041
4.961833446,4.999562315
4.974150207,5.014339527
4.965974138,5.028796735
4.963785527,5.041953067
4.961245675,5.019770182
4.964985336,5.01708784
4.972361845,5.040517004
4.967924861,5.008789843
4.970402261,5.017343139
4.968814562,4.998665355
4.96106457,5.032364375
4.9733873,5.036362038
4.969625999,5.038540098
4.971950995,5.023447156
4.964136231,4.993572583
4.970829187,5.008473852
4.965854045,5.01314494
4.96817405,5.00782682
4.964163955,5.026028475
4.971398042,5.021848174
4.974506719,5.010530317
4.968691572,5.014469298
4.975697901,5.021794856
4.969743674,5.001207207
4.9683618,5.011282857
4.97996565,5.020408121
4.966210615,5.016440773
4.972870697,5.004069368
4.96538537,5.019663436
4.965930805,5.009284094
4.968350956,5.010557304
4.969971656,5.028570738
4.973756461,5.022388687
4.963298993,5.016216502
4.971676075,5.006472726
4.97609429,5.036380837
4.971797488,5.012085283
4.967941289,5.02626457
4.967185267,5.016665263
4.963294908,5.024741492
4.967493137,5.006476758
4.973011799,5.037465763
4.967698318,5.020232969
4.969809295,5.002890843
4.969838899,5.021647633
4.977133811,5.02382048
4.960175581,5.041261234
4.96758043,5.003560698
4.964901671,5.027082281
4.965088204,5.005139086
4.971654643,5.000400688
4.970859805,5.02618195
4.968263539,5.026135374
4.971846474,5.038854421
4.963290809,5.000682958
4.965599162,5.015207867
4.969437328,5.00647353
4.974771235,4.993233503
4.970135259,5.008664042
4.972323248,5.030408787
4.970469107,5.016032368
4.97519158,5.021366811
4.966916355,5.018677926
4.973634055,5.017375288
4.970011174,5.023237629
4.9820057,5.019815204
4.984098015,4.974698972
4.980598003,5.020770112
4.952881712,5.035409063
4.969419933,4.999251011
4.968225106,5.031023811
4.973798197,5.017757346
4.970572211,5.004487763
4.974281387,4.998091093
4.973034147,5.018354284
4.966330759,5.009500235
4.973478729,5.010409169
4.982927134,5.003951513
4.971306658,5.006566128
4.97044615,5.032687057
4.974415429,5.012313025
4.970396435,4.993644732
4.977780336,5.0316322
4.966866175,5.016688596
4.972655673,5.001807969
4.961921575,5.036142508
4.969292771,5.011208744
4.977974407,5.005904829
4.96926139,5.009653675
4.97577127,5.031994294
4.973866316,5.010156479
4.957426898,5.020494147
4.957633925,4.993714381
4.963022109,4.999984884
4.965855442,5.008917637
4.970150268,5.003146558
4.974732135,5.018538581
4.975143191,5.014123608
4.971658881,5.036683981
4.964240236,5.031600489
4.980290208,5.022680605
4.965291732,5.025288527
4.969383703,5.012280077
4.972069186,5.006647438
4.978762421,5.014674083
4.974404347,5.024916853
4.9788366,5.001091265
4.978104395,5.032879312
4.979980659,5.002042708
4.966706327,4.989178399
4.971767051,5.00250329
4.95801486,5.00661024
4.971391869,5.014649451
4.970301324,5.034991678
4.964040333,5.013249935
4.966986504,5.04225595
4.972920436,5.015446529
4.979096227,5.007192547
4.969471542,4.999016137
4.980344709,5.011977623
4.962007893,5.025450938
4.968176502,5.020472622
4.965070531,5.011855844
4.964652266,5.002214874
4.973838741,5.012910488
4.969966293,5.021255528
4.970998895,4.998397514
4.961950908,5.005966741
4.970534645,4.994182258
4.97607588,5.009085784
4.979010409,4.999453
4.966763729,5.003005893
4.970554172,5.010780966
4.982307304,5.002417658
4.972788865,5.00815995
4.966524118,5.025522236
4.979742799,5.028144755
4.967766326,5.019806405
4.973147887,5.004873347
4.965037007,5.030801114
4.963950211,5.015918678
4.972836346,5.035451788
4.983810876,5.030445669
4.969135047,4.983666027
4.968824759,5.017956739
4.975169424,5.010396309
4.971060969,5.031295642
4.969460081,5.023221032
4.970205815,5.03618865
4.96730749,5.017316186
4.971919462,5.023960345
4.97259525,5.033029531
4.972979681,5.008397591
4.972666403,4.990931515
4.971350976,5.021413693
4.972157311,5.017199787
4.973232073,5.016596565
4.972919102,5.018373027
4.970216325,5.038990588
4.972360317,4.994853808
4.98189513,5.010339403
4.97096015,5.003126461
4.974033251,5.036255163
4.963495322,5.019621036
4.963829661,5.01088829
4.972078825,5.0240173
4.97102479,5.037980816
4.967009986,5.027706727
4.975151384,5.009724904
4.978752083,4.998253399
4.960839513,5.033767455
4.969376161,5.009559503
4.976253486,5.020188664
4.964621155,4.998538862
4.966753861,5.013919105
4.973028722,5.01142249
4.963633769,5.040624851
4.983165634,5.031258602
4.968497462,4.993337671
4.972510257,5.017844203
4.975148734,5.005273066
4.973434813,5.024299408
4.970939282,5.018748726
4.97369335,4.992923863
4.977405269,5.021976155
4.961441226,5.021373205
4.974343166,5.008057999
4.977909155,5.018386175
4.976349607,5.021829384
4.97429197,5.022436776
4.977048134,4.997323717
4.969184195,5.010047588
4.966957266,5.011626484
4.977606893,5.004809409
4.976391649,5.033559911
4.97053273,5.02901818
4.966843477,5.041242608
4.968022199,5.019761327
4.969762562,4.997833327
4.975469389,5.035747075
4.978310512,5.03113387
4.971146351,5.004007784
4.968177429,5.012049764
4.972827191,5.026950825
4.981112462,5.025573527
4.965047471,4.99835654
4.97286197,5.025010697
4.966897869,5.042680586
4.95505624,5.016250476
4.96768332,5.035926286
4.975812125,5.004923165
4.97224291,5.026610641
4.962972663,5.031155234
4.974864989,5.022444484
4.977842763,5.042728235
4.967904644,5.032310306
4.963074473,5.04837366
4.970003001,5.020844777
4.974787443,5.003758655
4.974943471,5.015570038
4.970207796,5.017343529
4.97513519,5.028893394
4.979374371,5.017151126
4.972844505,5.008313486
4.973096664,5.009423929
4.97341243,5.029196637
4.971497434,5.030685308
4.977368458,4.992387447
4.965083657,5.014291533
4.959533679,5.030195907
4.974533838,5.020706771
4.976204881,5.001463317
4.963447542,5.00407363
4.973814474,5.038116077
4.971703155,4.996300962
4.96912449,5.002986905
4.9787651,4.984297302
4.970837378,5.021697711
4.976434857,5.007508535
4.968487066,4.988358551
4.96826279,5.029928135
4.978648288,5.018865007
4.972879365,5.017342988
4.971678075,5.016761394
4.968723903,5.021506141
4.974997211,4.984896607
4.988396096,5.016960918
4.982594323,5.019270011
4.970223873,5.014123567
4.969758582,5.014657075
4.982564842,5.032927855
4.979531265,5.010739747
4.971401459,5.010325845
4.967088574,4.996569724
4.976908435,5.024697994
4.962352247,5.015010998
4.970968024,5.001253754
4.972704847,5.020129277
4.97001604,4.990193967
4.979593075,5.0188434
4.976675373,5.049942359
4.976854694,5.006308922
4.970737172,5.01303298
4.965724998,5.011636665
4.968975736,5.015529269
4.96793574,5.015506132
4.972132851,5.029929265
4.962294807,5.005197177
4.978026936,5.014922189
4.979077649,4.985710566
4.970438427,5.033434284
4.980571361,5.021030787
4.97056613,5.010426959
4.958552301,5.01689819
4.981721432,5.00062754
4.962158992,5.025521098
4.971214324,5.017416149
4.991876992,5.017579284
4.961523902,5.018188006
4.968435154,5.002321127
4.967259242,5.016799018
4.975426831,5.015225994
4.982389411,5.015148462
4.953281058,5.007251238
4.966554647,5.009314621
4.980078284,4.998938673
4.973026842,5.001988379
4.976014392,5.003915757
4.969138911,5.012223681
4.969720129,5.020049104
4.972023679,5.03801637
4.979259812,5.042205667
4.974807925,5.034678168
4.978700979,5.014136368
4.982161675,5.022807281
4.96951271,5.007821232
4.966452357,4.997114022
4.973211011,5.024901015
4.970119756,5.001810142
4.97234463,5.022475124
4.975464587,5.010573182
4.974582979,5.021686201
4.973853824,5.025753273
4.981610845,5.036517612
4.968903466,5.009182837
4.973305999,5.007097041
4.957825943,5.02754001
4.985936816,5.006978426
4.965986324,5.000972728
4.969840081,5.020551765
4.972658399,4.989975006
4.978072701,5.008597468
4.969629792,5.004613134
4.974507531,4.989851578
4.974598268,5.018834361
4.969099903,5.030078813
4.975582189,5.016891236
4.971516483,5.010427909
4.965988691,5.020239594
4.965069592,4.98777895
4.969615223,5.012784928
4.979223142,4.998853199
4.968403748,5.034880096
4.969947184,5.02975163
4.972536028,5.019366158
4.971584211,5.01499173
4.965318628,5.007004944
4.972400982,5.027658076
4.966965508,5.008591215
4.974366902,5.013303543
4.975702825,5.022395924
4.969662978,5.007370331
4.977873985,5.018965781
4.972347148,5.014010076
4.969597607,5.006005855
4.971095279,5.029412611
4.977270355,5.013631511
4.960615859,5.024827724
4.979447869,4.99516427
4.960445671,5.026329048
4.969882378,5.013873071
4.97525951,5.034647179
4.983898018,5.013249996
4.974402266,5.039525458
4.977462176,5.002712732
4.967516512,5.046756535
4.967761535,5.046083395
4.958149902,5.042629204
4.975694038,5.002923863
4.980629307,5.011179463
4.971915389,5.014175891
4.969620604,5.031428697
4.973622803,5.013028022
4.9769161,5.031281648
4.975696832,5.033360886
4.981211953,5.023302579
4.972548505,4.995659911
4.976584611,5.034440343
4.955306616,5.015353879
4.973256488,5.010452233
4.986470195,5.006261852
4.975053178,5.000970496
4.9782479,4.999944277
4.973368098,5.012255347
4.977377688,4.990893708
4.975639174,5.031443864
4.978874774,5.007977437
4.969642459,5.017716296
4.971442783,5.017592642
4.979102761,5.050795993
4.965606947,5.007821728
4.965564184,5.010786806
4.965589542,5.026658319
4.971924588,5.024448546
4.974872557,5.000079132
4.974163668,5.021840403
4.981842009,5.003683852
4.972934393,5.047116162
4.964857108,5.021092627
4.974220479,5.009278929
4.977542055,5.009686414
4.971492287,5.004786855
4.966957062,5.021352361
4.981634343,5.0101954
4.980730773,5.026755856
4.972021202,5.026764178
4.986935076,5.018780458
4.984657911,5.006038797
4.973133353,5.035047097
4.976996983,4.997372677
4.969259348,5.020957627
4.968504322,5.018548826
4.969976818,5.016702602
4.974325333,5.033186016
4.970274221,5.04171165
4.98281896,5.012080322
4.982613204,5.025678216
4.97727883,5.016829748
4.974654077,4.989827328
4.981022549,5.019024287
4.968651728,5.014137565
4.964374474,5.012412504
4.976215834,5.01474937
4.984455189,5.012218176
4.982631983,5.016010624
4.969529712,5.046226262
4.967023932,5.016404035
4.970150091,5.028139892
4.970959941,5.033093663
4.978809594,5.027831789
4.966469305,5.031448352
4.977308156,5.026962775
4.978575152,5.023215478
4.969444588,5.002067454
4.976551608,5.00149067
4.970171063,5.006925449
4.975892029,5.017610617
4.972268962,5.020889205
4.967403104,5.006276793
4.977146435,4.989739684
4.976975711,5.014507785
4.980619951,5.013249171
4.978332884,5.007831081
4.974649925,4.996057082
4.973287727,5.031468738
4.976860683,5.021047154
4.982655996,5.027407051
4.961754079,5.032245741
4.977635204,4.995394969
4.981905603,5.022933359
4.979696804,5.019893671
4.980456113,5.00583906
4.976811801,5.022325182
4.974288792,5.017751116
4.963183411,5.003641308
4.969652215,5.015450819
4.978445891,5.033232757
4.974810702,5.034237283
4.979440992,5.021886322
4.97700187,5.04629554
4.967898077,5.000780473
4.981680581,5.024465518
4.976457267,5.007846918
4.976685788,5.01750735
4.985373021,5.035098732
4.967157994,5.031219732
4.96456566,5.019092335
4.979010905,5.05334645
4.981136009,5.020635989
4.983108116,5.024322744
4.979597905,5.011330293
4.98003963,5.029684571
4.97086146,5.024365011
4.978338933,4.989882583
4.974182605,5.01886178
4.970252032,5.024296782
4.983283771,4.982209721
4.971132651,5.030178051
4.98286163,5.016592862
4.971725128,5.030916461
4.979567835,5.016487327
4.971558874,5.015961659
4.977156855,5.020074709
4.973965211,5.004687251
4.973114371,5.007594349
4.986006713,5.015077421
4.97087297,5.045712948
4.979805925,5.038569816
4.973475915,5.011972542
4.972126959,5.016596013
4.968131021,5.007535458
4.983991441,5.02809063
4.968353336,5.0127969
4.97226752,5.02000177
4.976526038,5.011829955
4.975845185,5.039384342
4.969818056,5.011766227
4.970569647,4.992531026
4.97940037,5.008076778
4.97610047,5.022200389
4.969849193,5.025874296
4.97965702,5.025749118
4.971157142,5.03183821
4.983329661,5.018082637
4.971230058,5.01809203
4.97978587,4.997073959
4.978579779,5.008825329
4.985833817,5.018915876
4.977401409,5.024797846
4.981280919,5.007423641
4.978800536,5.017512545
4.977785948,5.028453826
4.972191771,5.012099584
4.983613478,5.010252151
4.986950121,5.042834358
4.980703117,5.03141238
4.989877603,5.026247209
4.980670875,5.002132171
4.988984076,5.032702528
4.972299607,5.017297146
4.973253501,5.033833887
4.969120392,5.001796761
4.981627228,5.000389199
4.973076469,5.009203487
4.976937879,5.012752725
4.975903978,5.017505599
4.980179256,5.024454334
4.97177865,5.0163722
4.973357285,5.028329447
4.975392406,4.998636633
4.970648886,5.02482467
4.977807369,5.040999153
4.988247758,5.019518113
4.972446673,5.011974562
4.97417013,5.024166343
4.967899578,5.002188156
4.974803965,5.024918832
4.972237076,5.040828266
4.972625009,4.993520386
4.980381909,5.007709852
4.9829729,5.025190578
4.971503135,5.014561428
4.978056408,5.011833711
4.973428616,5.035237469
4.973589696,5.010335388
4.982932312,5.042184126
4.964617752,5.024650446
4.972559305,5.001563523
4.965478637,5.008627784
4.981915545,5.022338634
4.983206726,5.008421109
4.975418025,5.023348857
4.965424499,5.010864709
4.971794406,4.996880942
4.969185307,5.016946777
4.981023474,5.044977453
4.978919855,5.018631913
4.971902286,5.028744516
4.970889233,5.018262372
4.97109014,5.031373565
4.961975831,5.022091833
4.979797651,5.005228703
4.978604275,5.032274618
4.971772249,5.038069846
4.981577469,5.020670167
4.979972261,5.028389763
4.968824598,5.008273845
4.978960823,5.017542801
4.974622644,5.013456424
4.969299997,5.00436914
4.964075383,5.017473308
4.984385518,5.022683178
4.969356148,5.002656205
4.980395871,5.000547583
4.97628296,4.999257089
4.979279961,5.024085922
4.975585637,5.037606874
4.980368195,5.025640424
4.966937486,5.013459638
4.989904546,5.018653245
4.97645595,5.044739592
4.971798158,5.024944225
4.970343002,5.011525211
4.971481028,5.007166747
4.977873131,5.011140303
4.980670333,5.01560923
4.970839489,5.013889426
4.980709199,5.008945702
4.964749746,5.00123839
4.972860839,5.044306828
4.975831266,5.008251413
4.971409487,5.031116883
4.971145423,5.009004373
4.96833751,5.012234014
4.978916327,5.021072427
4.978745054,5.023554193
4.978088322,5.01341833
4.976869917,5.027245273
4.980729486,5.029522925
4.977859355,5.017387291
4.977399008,5.024078725
4.975517438,5.034065043
4.977052064,5.02010943
4.976359359,5.01734437
4.973379827,5.037416369
4.988453857,4.999804468
4.981575366,5.011118352
4.972984047,5.034082596
4.973079565,5.038032497
4.964435039,5.009026552
4.979631541,5.013719131
4.970361833,5.01424453
4.973599045,5.02159043
4.980467717,5.024000671
4.963337589,5.018723086
4.975645473,5.012146299
4.978522381,4.993664363
4.965212054,4.998511497
4.982741618,5.030894992
4.975930407,4.989412768
4.979537981,5.016286859
4.978951727,5.01594359
4.978849934,5.041276746
4.981377039,4.99267595
4.986174723,5.014647415
4.979246793,5.000314992
4.965385457,5.021071359
4.975638862,5.006627778
4.982881051,5.029008575
4.980619516,5.032781816
4.986885568,5.026092076
4.982848371,5.019439252
4.982378092,5.01798987
4.979441131,5.008720448
4.975871221,4.995716321
4.972768292,5.015222953
4.972633186,5.037269192
4.984156808,5.021960604
4.97537867,5.004363686
4.975256903,5.011373113
4.977677743,5.025910298
4.980191828,5.015891443
4.979033201,4.971916875
4.98570413,5.00503308
4.971577584,5.026442168
4.980232011,5.032917725
4.972743451,5.009070223
4.977992913,5.031658346
4.980337259,5.007212056
4.983389512,5.008926184
4.96523514,5.014862294
4.971081051,5.00814831
4.973530046,5.015260956
4.975106402,5.010812481
4.978356434,5.031997389
4.980115603,5.011263855
4.963339595,5.011370606
4.977658977,5.023232192
4.97702096,5.006851721
4.983069546,5.009038987
4.974787035,5.024269819
4.965139201,5.012146516
4.975138423,5.015455969
4.977409705,5.012444061
4.97575278,5.002461841
4.974544247,5.010602286
4.970022743,5.021495543
4.978433643,5.031013946
4.979921712,5.022400134
4.983774031,4.986591567
4.979328895,5.012858563
4.979891493,5.013905804
4.964264701,5.029015151
4.986701866,5.00291488
4.978287789,4.987353668
4.980660145,5.014703461
4.975966065,5.024835326
4.969762245,5.001756631
4.978877703,5.005617186
4.978960673,5.027229075
4.97404827,5.002637257
4.973100492,5.009570293
4.969610783,5.003766361
4.989245502,5.012281882
4.979096471,5.035508958
4.974009248,5.004835028
4.978132113,5.008121417
4.97490159,5.010619123
4.978267902,5.001577268
4.978749395,5.039972477
4.979078045,5.003017251
4.982518432,5.024874296
4.973824342,5.010666301
4.97684379,5.000622275
4.984780922,5.011186953
4.987596412,5.018936899
4.977269748,5.044507424
4.981592924,5.021664461
4.978448283,4.991566342
4.974104913,5.023661054
4.965212781,5.021170871
4.984490294,5.01077664
4.970178609,5.025176101
4.972785808,4.995656016
4.964467368,5.027095891
4.978293895,5.004129757
4.969964702,5.036905741
4.978998274,4.996588437
4.977340358,5.025401632
4.982260717,5.021234708
4.974005908,5.005212046
4.990215189,5.02254811
4.97247691,5.002696873
4.986599964,5.005763975
4.982731627,5.004565363
4.975163219,5.009392177
4.97734839,5.01659019
4.980811584,5.009025965
4.964857037,5.005124298
4.9782427,5.004873861
4.972049404,5.005667157
4.978348548,4.995694373
4.978093406,5.010654827
4.983334195,5.023074059
4.98858854,5.009064953
4.973907104,4.999950501
4.983559627,5.033676414
4.980450583,5.015112784
4.973549495,5.018533558
4.973584155,5.026301954
4.977374891,5.004000777
4.978858754,5.031064857
4.980968241,4.996007874
4.982331448,5.002809249
4.969954004,5.000186866
4.971854581,5.007793704
4.982143529,5.028132483
4.972430582,5.025612884
4.981932041,5.022855369
4.978182264,5.007451449
4.99017961,5.004039762
4.969931494,4.986419829
4.97693177,5.014036689
4.976593077,5.008384111
4.977336119,5.012213279
4.982262262,5.002836928
4.987538056,5.028143534
4.988774901,5.027929923
4.978536792,5.036393644
4.977734555,5.016304962
4.981368305,5.00061506
4.976594696,5.011533694
4.970493139,5.021018192
4.981475806,5.028187255
4.979381963,5.035026427
4.979572139,4.980064621
4.978819429,5.011183205
4.976524013,4.981683802
4.975890715,5.006976268
4.970125468,5.035686474
4.962067257,5.00611781
4.979683514,4.992533069
4.974390546,5.019305889
4.979636495,4.997797135
4.973900331,5.023013217
4.984643881,5.031977802
4.966675673,5.009215412
4.981641563,4.997911141
4.973070701,5.026626813
4.978549225,5.024804011
4.975513796,5.016314306
4.981836532,5.000440734
4.982701612,5.033282772
4.985685637,5.008687538
4.990554184,5.010187054
4.9904216,5.03158282
4.966853677,5.033958108
4.981899221,5.002469011
4.973161518,5.032627155
4.981353723,5.031377178
4.976146471,5.036554769
4.989523905,5.039400828
4.980129254,5.021410849
4.974714044,5.023329298
4.980420832,5.015949609
4.970320724,5.026477645
4.978893352,5.01177124
4.982385834,4.992620378
4.976293226,5.004346543
4.982636332,5.007030561
4.973468192,5.021951422
4.98082551,5.023025131
4.983638966,4.995514144
4.972656956,5.008871162
4.981221175,5.011527392
4.979292712,5.025758328
4.973842992,5.038425755
4.988813599,5.01863847
4.978437688,5.01198634
4.973999724,5.031867287
4.969381578,5.012511116
4.978782356,5.019904795
4.975882162,5.017341052
4.980097336,5.003874443
4.976545683,5.0152768
4.974755669,5.006212238
4.984424171,5.027757948
4.983044146,5.013229608
4.975282673,5.000980524
4.978260397,5.011268563
4.985073122,4.994126122
4.978978515,5.006636329
4.969972361,5.029323221
4.979563187,5.007405966
4.969227301,4.996070169
4.960899974,5.026485592
4.96696412,5.011701279
4.969419596,5.021242389
4.979509578,5.01969594
4.978464521,5.015655829
4.973736849,5.016372424
4.974338044,5.023066945
4.972025976,5.032246716
4.974443397,5.030685874
4.980323021,5.008845451
4.977358937,5.025668203
4.969961165,5.007001098
4.969983678,5.001023384
4.983854531,5.015409223
4.971097465,5.008720269
4.974358372,5.012407619
4.979255329,5.030583366
4.97815372,5.00504861
4.969354397,5.037344904
4.980262785,4.995071878
4.979961647,5.034023945
4.971342035,5.021203726
4.976002897,4.994116056
4.982126299,5.009622673
4.972660228,5.015134798
4.978132301,5.021370459
4.982768143,5.025281664
4.984995829,5.030018747
4.972420279,5.040896974
4.976578498,5.016502343
4.972373988,5.026171109
4.983915168,5.025287467
4.976200871,5.020821052
4.977730233,5.004797353
4.983093311,5.006071429
4.986088446,5.038817433
4.975582075,5.019492315
4.978758426,5.012376238
4.971886481,5.01725977
4.974607702,5.021408084
4.964290213,5.001060415
4.973866341,5.034004654
4.975667959,5.011782226
4.982046258,4.998155947
4.977328077,5.020342436
4.975178168,5.025624347
4.972187831,5.033126958
4.965412646,5.004106396
4.975231639,4.995926109
4.972477726,5.007630751
4.97777226,5.004680627
4.975955721,5.020244315
4.973608907,5.007641727
4.981751338,5.009497185
4.964028989,4.989837142
4.985124912,5.012517414
4.974048485,5.007842372
4.984394143,5.020412347
