systemThrouput,,,
2.798355553,,4.99518129,MAX
2.918552956,,4.976959244,MEAN
3.050075039,,,
3.166460022,,,
3.260238603,,,
3.346129823,,,
3.423367174,,,
3.50723844,,,
3.556816132,,,
3.623934949,,,
3.668687652,,,
3.719490925,,,
3.760719278,,,
3.79363673,,,
3.833598944,,,
3.86292654,,,
3.890438155,,,
3.929635954,,,
3.951084726,,,
3.971781138,,,
4.004157713,,,
4.033870396,,,
4.06496982,,,
4.079807091,,,
4.09419938,,,
4.106136154,,,
4.129236292,,,
4.158965929,,,
4.169726375,,,
4.182904052,,,
4.183945607,,,
4.208757029,,,
4.221992648,,,
4.246129431,,,
4.263221844,,,
4.262603833,,,
4.276632088,,,
4.291980069,,,
4.290013398,,,
4.309547221,,,
4.308167561,,,
4.324396829,,,
4.340712098,,,
4.353722985,,,
4.345997982,,,
4.351618915,,,
4.375273934,,,
4.372807184,,,
4.371678589,,,
4.393317975,,,
4.412090729,,,
4.407754329,,,
4.420198228,,,
4.427124348,,,
4.414646832,,,
4.427522682,,,
4.445958586,,,
4.438095378,,,
4.451521065,,,
4.462086481,,,
4.464244435,,,
4.467423503,,,
4.477354402,,,
4.490143388,,,
4.484855199,,,
4.502238976,,,
4.497892687,,,
4.504821411,,,
4.522234736,,,
4.511423745,,,
4.511605929,,,
4.511356712,,,
4.53137654,,,
4.536099011,,,
4.528816147,,,
4.536200926,,,
4.54714303,,,
4.535504607,,,
4.551984535,,,
4.560982001,,,
4.556948622,,,
4.569291851,,,
4.56824284,,,
4.577151872,,,
4.569271826,,,
4.573099183,,,
4.585381135,,,
4.559328201,,,
4.593974356,,,
4.581177096,,,
4.599345987,,,
4.59324729,,,
4.597461815,,,
4.605359655,,,
4.595245475,,,
4.612704208,,,
4.60551114,,,
4.606589069,,,
4.599564662,,,
4.613453376,,,
4.616707636,,,
4.616052304,,,
4.628667043,,,
4.624045639,,,
4.626054636,,,
4.635667605,,,
4.638613737,,,
4.651764144,,,
4.638744969,,,
4.641865745,,,
4.639936555,,,
4.653504987,,,
4.654322356,,,
4.65622328,,,
4.658754147,,,
4.64563661,,,
4.651307515,,,
4.651228781,,,
4.668573112,,,
4.660742009,,,
4.657986224,,,
4.666441791,,,
4.67057522,,,
4.684547059,,,
4.674502841,,,
4.666871444,,,
4.687104017,,,
4.687563317,,,
4.684106319,,,
4.687088929,,,
4.685955456,,,
4.674242535,,,
4.692535699,,,
4.698864544,,,
4.698329117,,,
4.696411973,,,
4.697609791,,,
4.703150005,,,
4.70356851,,,
4.68761932,,,
4.697189334,,,
4.692869384,,,
4.712104357,,,
4.707656878,,,
4.709769318,,,
4.699876759,,,
4.696414707,,,
4.714516642,,,
4.707325622,,,
4.719944648,,,
4.704483025,,,
4.723492791,,,
4.717088122,,,
4.711982605,,,
4.718327006,,,
4.716567058,,,
4.722054537,,,
4.730638864,,,
4.719568567,,,
4.728026785,,,
4.711248261,,,
4.722640875,,,
4.724848254,,,
4.71531666,,,
4.725728078,,,
4.725248831,,,
4.726648135,,,
4.731473757,,,
4.722448152,,,
4.724633747,,,
4.730711839,,,
4.739935402,,,
4.734921983,,,
4.740718816,,,
4.750227717,,,
4.739101831,,,
4.742252721,,,
4.751776051,,,
4.756498728,,,
4.7415604,,,
4.74772467,,,
4.744356429,,,
4.754205984,,,
4.748440356,,,
4.753586565,,,
4.750993865,,,
4.750297955,,,
4.759481771,,,
4.758564285,,,
4.751985091,,,
4.744765381,,,
4.761320461,,,
4.762706733,,,
4.758193328,,,
4.764706431,,,
4.767727566,,,
4.756734429,,,
4.767512055,,,
4.762876385,,,
4.755074436,,,
4.759493877,,,
4.752273891,,,
4.758668085,,,
4.768038028,,,
4.773992879,,,
4.783931715,,,
4.771725616,,,
4.766367301,,,
4.766729907,,,
4.764429984,,,
4.765815695,,,
4.779647543,,,
4.786348767,,,
4.786776267,,,
4.776011789,,,
4.776369268,,,
4.779472778,,,
4.781088418,,,
4.782841724,,,
4.779583909,,,
4.781616476,,,
4.781396688,,,
4.789697458,,,
4.777592596,,,
4.781324898,,,
4.798526532,,,
4.778092723,,,
4.795477429,,,
4.783890508,,,
4.798973767,,,
4.794906659,,,
4.79248077,,,
4.794043726,,,
4.791847618,,,
4.796903192,,,
4.801828722,,,
4.788743094,,,
4.787336588,,,
4.779988515,,,
4.808076105,,,
4.791239971,,,
4.804527141,,,
4.792088897,,,
4.796924774,,,
4.79589071,,,
4.81240469,,,
4.794747154,,,
4.792949115,,,
4.795042337,,,
4.80175393,,,
4.799948497,,,
4.796402429,,,
4.805695183,,,
4.811687212,,,
4.818769794,,,
4.804873849,,,
4.804883225,,,
4.812951941,,,
4.814457568,,,
4.804213363,,,
4.810991511,,,
4.804792256,,,
4.814842718,,,
4.813067631,,,
4.806616717,,,
4.811449473,,,
4.813275873,,,
4.807046877,,,
4.813302185,,,
4.816227395,,,
4.80703327,,,
4.813670875,,,
4.808450748,,,
4.816064219,,,
4.802934486,,,
4.804763738,,,
4.812488749,,,
4.816366958,,,
4.817451278,,,
4.815909039,,,
4.826145322,,,
4.819670001,,,
4.821158199,,,
4.82257793,,,
4.820060005,,,
4.806270823,,,
4.824664464,,,
4.812927108,,,
4.815444287,,,
4.815027286,,,
4.821069059,,,
4.823639572,,,
4.824390621,,,
4.826451826,,,
4.829652428,,,
4.822220609,,,
4.819390611,,,
4.829716701,,,
4.822372928,,,
4.831312411,,,
4.830899062,,,
4.836623518,,,
4.831142203,,,
4.838150376,,,
4.827741344,,,
4.822556272,,,
4.835279534,,,
4.832494242,,,
4.82920525,,,
4.837842685,,,
4.837374273,,,
4.841063809,,,
4.831190706,,,
4.834364548,,,
4.831213187,,,
4.825610039,,,
4.829993678,,,
4.825739904,,,
4.836267083,,,
4.815339997,,,
4.831436656,,,
4.828980886,,,
4.835138734,,,
4.833920042,,,
4.844954768,,,
4.835243711,,,
4.835876768,,,
4.850143751,,,
4.84135474,,,
4.841191884,,,
4.832128922,,,
4.841053014,,,
4.845489838,,,
4.839299525,,,
4.84872754,,,
4.83639296,,,
4.844408605,,,
4.828500328,,,
4.837666533,,,
4.83731276,,,
4.852434067,,,
4.842371735,,,
4.850207444,,,
4.847060629,,,
4.850194635,,,
4.849068604,,,
4.860687008,,,
4.846660331,,,
4.855277373,,,
4.836767923,,,
4.838584061,,,
4.836560319,,,
4.844292256,,,
4.845134309,,,
4.846371285,,,
4.850947813,,,
4.849012306,,,
4.844957575,,,
4.848788271,,,
4.848862262,,,
4.857488403,,,
4.859707248,,,
4.839934108,,,
4.843520977,,,
4.853548655,,,
4.858903005,,,
4.847180894,,,
4.844337251,,,
4.85696166,,,
4.845436514,,,
4.858633239,,,
4.855595405,,,
4.857486116,,,
4.85266466,,,
4.855784759,,,
4.857129312,,,
4.855487662,,,
4.857610003,,,
4.852445496,,,
4.854239218,,,
4.862950235,,,
4.861782999,,,
4.856843884,,,
4.866514088,,,
4.860899863,,,
4.858162737,,,
4.853277033,,,
4.861645861,,,
4.859441251,,,
4.851832557,,,
4.862232053,,,
4.856039703,,,
4.857975499,,,
4.867560038,,,
4.859975664,,,
4.873235107,,,
4.866388695,,,
4.855389081,,,
4.852664917,,,
4.857351,,,
4.860080021,,,
4.863853638,,,
4.868583249,,,
4.85847657,,,
4.870041352,,,
4.856946251,,,
4.862211185,,,
4.879324465,,,
4.856488892,,,
4.850934562,,,
4.863714802,,,
4.871183487,,,
4.874340156,,,
4.873082572,,,
4.86811871,,,
4.874325093,,,
4.86928354,,,
4.869147441,,,
4.868122367,,,
4.872672713,,,
4.875544611,,,
4.872885098,,,
4.87772297,,,
4.866282097,,,
4.864263844,,,
4.87956207,,,
4.863462643,,,
4.873456031,,,
4.871259048,,,
4.872025619,,,
4.878170351,,,
4.862536425,,,
4.86636323,,,
4.856453627,,,
4.883201816,,,
4.873746107,,,
4.867107963,,,
4.872218497,,,
4.87707677,,,
4.869284435,,,
4.872548266,,,
4.869621777,,,
4.868014975,,,
4.870827782,,,
4.866036117,,,
4.871171872,,,
4.876706009,,,
4.876096722,,,
4.870436525,,,
4.885596329,,,
4.870658923,,,
4.888964087,,,
4.877222366,,,
4.874344698,,,
4.87045171,,,
4.878731146,,,
4.879026642,,,
4.874103013,,,
4.886369643,,,
4.87774495,,,
4.877028615,,,
4.873574035,,,
4.867256343,,,
4.87682558,,,
4.865800643,,,
4.878378532,,,
4.874345573,,,
4.878053229,,,
4.872125014,,,
4.873622932,,,
4.878784844,,,
4.876517121,,,
4.870040166,,,
4.874573797,,,
4.886617314,,,
4.882574058,,,
4.873119094,,,
4.886744241,,,
4.876069209,,,
4.888080574,,,
4.890692349,,,
4.878317121,,,
4.886818503,,,
4.872754684,,,
4.87740191,,,
4.878258644,,,
4.86482011,,,
4.887129566,,,
4.888903656,,,
4.886656474,,,
4.885263139,,,
4.881462473,,,
4.897216666,,,
4.890689425,,,
4.892296549,,,
4.87840618,,,
4.895064577,,,
4.886627166,,,
4.882210301,,,
4.880489018,,,
4.901097699,,,
4.891006174,,,
4.890652193,,,
4.879383734,,,
4.887012363,,,
4.875997431,,,
4.886698871,,,
4.893808914,,,
4.89328709,,,
4.886813692,,,
4.893764368,,,
4.890790214,,,
4.886309755,,,
4.883260067,,,
4.887648071,,,
4.899728913,,,
4.885250368,,,
4.892736291,,,
4.882214113,,,
4.881176797,,,
4.893861905,,,
4.876932434,,,
4.885162459,,,
4.882238323,,,
4.892870438,,,
4.89510545,,,
4.883275692,,,
4.891817573,,,
4.888697014,,,
4.891796665,,,
4.88113634,,,
4.880193227,,,
4.892093322,,,
4.88542669,,,
4.897449536,,,
4.891292888,,,
4.89867017,,,
4.893725899,,,
4.90137836,,,
4.884454815,,,
4.896506043,,,
4.901828987,,,
4.881709712,,,
4.892527577,,,
4.900187575,,,
4.888644212,,,
4.890687834,,,
4.888196572,,,
4.888654079,,,
4.900990686,,,
4.899321151,,,
4.889127997,,,
4.876406089,,,
4.902415337,,,
4.89576959,,,
4.89499031,,,
4.892486141,,,
4.902559331,,,
4.881942074,,,
4.891597361,,,
4.897738594,,,
4.896428665,,,
4.891888088,,,
4.878912861,,,
4.899407819,,,
4.902829005,,,
4.885530927,,,
4.88508195,,,
4.885901927,,,
4.902521453,,,
4.904641575,,,
4.895501097,,,
4.901859632,,,
4.889466281,,,
4.900421259,,,
4.910047264,,,
4.895020407,,,
4.901798552,,,
4.899828768,,,
4.895721442,,,
4.886580855,,,
4.895193838,,,
4.898340615,,,
4.892975394,,,
4.892488042,,,
4.89465812,,,
4.901255966,,,
4.907478158,,,
4.892970766,,,
4.893885845,,,
4.902790214,,,
4.900682581,,,
4.890579131,,,
4.885933843,,,
4.902294656,,,
4.90178138,,,
4.89996727,,,
4.898588189,,,
4.910176754,,,
4.888956135,,,
4.901308431,,,
4.898563222,,,
4.913866109,,,
4.90067525,,,
4.89895002,,,
4.910176674,,,
4.89952831,,,
4.908666629,,,
4.901599732,,,
4.900943495,,,
4.896670097,,,
4.885577256,,,
4.900039057,,,
4.910616458,,,
4.900808973,,,
4.914251384,,,
4.904167267,,,
4.914575886,,,
4.907962806,,,
4.922432681,,,
4.909381551,,,
4.901208695,,,
4.905075209,,,
4.888846509,,,
4.911998609,,,
4.89885109,,,
4.908582778,,,
4.908405809,,,
4.911197186,,,
4.904520883,,,
4.901355867,,,
4.908454842,,,
4.886668041,,,
4.912660367,,,
4.903433962,,,
4.915587634,,,
4.914057335,,,
4.901059144,,,
4.897544109,,,
4.89826333,,,
4.909290142,,,
4.903255054,,,
4.916094124,,,
4.920452993,,,
4.908223387,,,
4.909885999,,,
4.901299753,,,
4.897848508,,,
4.902274989,,,
4.894377809,,,
4.907526503,,,
4.911215272,,,
4.910607234,,,
4.90349438,,,
4.910552169,,,
4.909729089,,,
4.910764261,,,
4.911776388,,,
4.900464791,,,
4.915365845,,,
4.914678657,,,
4.910894807,,,
4.915381755,,,
4.9050464,,,
4.916626634,,,
4.90032554,,,
4.920030034,,,
4.912070503,,,
4.903104646,,,
4.905872606,,,
4.912397477,,,
4.901793362,,,
4.909890697,,,
4.902607025,,,
4.911055479,,,
4.903146359,,,
4.89800838,,,
4.906334992,,,
4.900772021,,,
4.92163884,,,
4.910335158,,,
4.908151265,,,
4.906466671,,,
4.913411131,,,
4.913701525,,,
4.903014343,,,
4.903386104,,,
4.906332857,,,
4.904847004,,,
4.903746683,,,
4.913892591,,,
4.917905378,,,
4.916210349,,,
4.912795012,,,
4.910222765,,,
4.905525084,,,
4.911281134,,,
4.918584623,,,
4.910034223,,,
4.909371168,,,
4.918185808,,,
4.918411671,,,
4.908740271,,,
4.911033965,,,
4.922755281,,,
4.912892694,,,
4.912356992,,,
4.90917789,,,
4.92034807,,,
4.906822884,,,
4.91889249,,,
4.912474859,,,
4.910071347,,,
4.907972087,,,
4.911508369,,,
4.918968972,,,
4.912203964,,,
4.913580227,,,
4.915724395,,,
4.911140947,,,
4.91469325,,,
4.907537253,,,
4.910401979,,,
4.933535979,,,
4.926654913,,,
4.902943157,,,
4.924841833,,,
4.910988536,,,
4.915078929,,,
4.91530542,,,
4.906422266,,,
4.912625863,,,
4.908943497,,,
4.92140466,,,
4.915337031,,,
4.908354664,,,
4.922841634,,,
4.907777221,,,
4.920341452,,,
4.914674669,,,
4.92038305,,,
4.914062604,,,
4.917384053,,,
4.916946209,,,
4.918423909,,,
4.92580522,,,
4.92056596,,,
4.923406132,,,
4.918316422,,,
4.928914772,,,
4.926261825,,,
4.912762722,,,
4.921263862,,,
4.919664745,,,
4.918201292,,,
4.92273724,,,
4.915581629,,,
4.9255334,,,
4.915920456,,,
4.911288465,,,
4.915447765,,,
4.913909651,,,
4.916096664,,,
4.912765095,,,
4.917103557,,,
4.925306903,,,
4.919619435,,,
4.922539687,,,
4.919707129,,,
4.920363144,,,
4.91936386,,,
4.915176055,,,
4.915193314,,,
4.907778215,,,
4.914658057,,,
4.91451896,,,
4.916317654,,,
4.923528993,,,
4.923065927,,,
4.914149739,,,
4.918435514,,,
4.915600198,,,
4.912179276,,,
4.918189061,,,
4.921648903,,,
4.92436646,,,
4.922790582,,,
4.920817861,,,
4.922791292,,,
4.917539227,,,
4.923486222,,,
4.92023507,,,
4.916761468,,,
4.931449292,,,
4.919657861,,,
4.922393522,,,
4.919541572,,,
4.919509232,,,
4.925330486,,,
4.930864026,,,
4.922772574,,,
4.929936304,,,
4.91919638,,,
4.928524246,,,
4.921639745,,,
4.924902176,,,
4.925919994,,,
4.927393427,,,
4.927862469,,,
4.928700852,,,
4.923990454,,,
4.91709919,,,
4.926501792,,,
4.926429361,,,
4.914169916,,,
4.920475954,,,
4.924594684,,,
4.935343684,,,
4.924167654,,,
4.92066746,,,
4.91908358,,,
4.931949949,,,
4.936102248,,,
4.921732827,,,
4.92164493,,,
4.926077063,,,
4.929551262,,,
4.929629917,,,
4.918843597,,,
4.925799576,,,
4.932192173,,,
4.933178457,,,
4.923079973,,,
4.923590499,,,
4.924629466,,,
4.932545991,,,
4.920557365,,,
4.928317082,,,
4.931387791,,,
4.917895087,,,
4.917497918,,,
4.927431463,,,
4.920244292,,,
4.927979433,,,
4.928315243,,,
4.926786898,,,
4.924108083,,,
4.924620606,,,
4.922765213,,,
4.921231437,,,
4.925041377,,,
4.919647742,,,
4.932588838,,,
4.931241707,,,
4.924776921,,,
4.931804835,,,
4.928770173,,,
4.924374664,,,
4.930470743,,,
4.918907142,,,
4.929111465,,,
4.924993643,,,
4.918805364,,,
4.922976785,,,
4.923351159,,,
4.92732302,,,
4.927742626,,,
4.919577422,,,
4.920334577,,,
4.932186599,,,
4.924263164,,,
4.919832573,,,
4.928689926,,,
4.936416629,,,
4.922801598,,,
4.931927209,,,
4.931639849,,,
4.918900943,,,
4.926302275,,,
4.929453517,,,
4.935650242,,,
4.934826621,,,
4.931582233,,,
4.927295728,,,
4.925750778,,,
4.926558975,,,
4.91506119,,,
4.926405333,,,
4.924854847,,,
4.930382251,,,
4.931030344,,,
4.932454194,,,
4.919484826,,,
4.933800977,,,
4.935799279,,,
4.918824288,,,
4.91832812,,,
4.932434023,,,
4.920177317,,,
4.933698653,,,
4.93078332,,,
4.938569499,,,
4.930632817,,,
4.92559555,,,
4.932140208,,,
4.94335641,,,
4.924964112,,,
4.922865416,,,
4.921691355,,,
4.918892222,,,
4.934330004,,,
4.918694456,,,
4.93068023,,,
4.931868087,,,
4.920943536,,,
4.920507637,,,
4.930733119,,,
4.942283037,,,
4.937799679,,,
4.928252077,,,
4.929216556,,,
4.93115112,,,
4.940799916,,,
4.915725497,,,
4.927468016,,,
4.944102024,,,
4.941888553,,,
4.923552818,,,
4.936856994,,,
4.937278245,,,
4.93317949,,,
4.929551552,,,
4.927992733,,,
4.927152259,,,
4.939157258,,,
4.941062689,,,
4.922173397,,,
4.933051208,,,
4.930515202,,,
4.941439031,,,
4.922157789,,,
4.942805185,,,
4.947898448,,,
4.940856196,,,
4.932633055,,,
4.933759496,,,
4.932611331,,,
4.934343394,,,
4.927209276,,,
4.931123525,,,
4.928792636,,,
4.939495016,,,
4.938735615,,,
4.928232416,,,
4.935050794,,,
4.926456132,,,
4.932324812,,,
4.926981295,,,
4.934310392,,,
4.932393099,,,
4.930094972,,,
4.933276743,,,
4.935152187,,,
4.937298089,,,
4.929542569,,,
4.932482435,,,
4.930111379,,,
4.930955979,,,
4.924925803,,,
4.933365009,,,
4.935140726,,,
4.934904139,,,
4.941557699,,,
4.93842928,,,
4.927006987,,,
4.950412941,,,
4.930745016,,,
4.937937707,,,
4.935985443,,,
4.938098528,,,
4.934923047,,,
4.936460716,,,
4.942084075,,,
4.938501263,,,
4.948168866,,,
4.936344025,,,
4.939717663,,,
4.946312018,,,
4.926474698,,,
4.923325167,,,
4.932662831,,,
4.934567479,,,
4.940307264,,,
4.939750017,,,
4.933582169,,,
4.936631104,,,
4.937110241,,,
4.926586297,,,
4.947161068,,,
4.935918147,,,
4.930992615,,,
4.937164941,,,
4.937995617,,,
4.924154588,,,
4.93468018,,,
4.930101782,,,
4.935413372,,,
4.944309554,,,
4.937735515,,,
4.947920294,,,
4.944269495,,,
4.93335586,,,
4.933888806,,,
4.943177305,,,
4.94272041,,,
4.944702504,,,
4.942317906,,,
4.937241443,,,
4.945066931,,,
4.944280066,,,
4.931835492,,,
4.936736195,,,
4.946551811,,,
4.928732301,,,
4.94299403,,,
4.945990527,,,
4.939255823,,,
4.93730048,,,
4.935424732,,,
4.926920904,,,
4.936807702,,,
4.94167393,,,
4.932801593,,,
4.942031119,,,
4.942007908,,,
4.944211042,,,
4.93054454,,,
4.931187375,,,
4.93518627,,,
4.937502838,,,
4.944797048,,,
4.945124024,,,
4.933720902,,,
4.931594108,,,
4.930807211,,,
4.940221983,,,
4.940646926,,,
4.949007639,,,
4.938953521,,,
4.946102261,,,
4.923736211,,,
4.948877614,,,
4.94878326,,,
4.935403573,,,
4.956627486,,,
4.928287058,,,
4.937892886,,,
4.943313439,,,
4.939852676,,,
4.93156183,,,
4.94217598,,,
4.935644566,,,
4.941283273,,,
4.935836798,,,
4.948019837,,,
4.946485359,,,
4.931313223,,,
4.936341538,,,
4.937691963,,,
4.933084437,,,
4.942907063,,,
4.937573373,,,
4.937726354,,,
4.949710152,,,
4.940006941,,,
4.93777477,,,
4.935083393,,,
4.931530317,,,
4.936708918,,,
4.943830421,,,
4.93862405,,,
4.933522418,,,
4.930663695,,,
4.944523415,,,
4.932904841,,,
4.947003737,,,
4.941639599,,,
4.94596671,,,
4.93802127,,,
4.934347677,,,
4.93758942,,,
4.931158744,,,
4.942494529,,,
4.936379467,,,
4.953316333,,,
4.937151631,,,
4.93732862,,,
4.940615618,,,
4.949249338,,,
4.943150043,,,
4.948900417,,,
4.931039423,,,
4.939283249,,,
4.935081894,,,
4.943515067,,,
4.946635489,,,
4.948577459,,,
4.941077942,,,
4.938530181,,,
4.943143608,,,
4.935331152,,,
4.938640113,,,
4.942486227,,,
4.9438804,,,
4.94478628,,,
4.937869352,,,
4.944464208,,,
4.93560726,,,
4.9440273,,,
4.937970723,,,
4.931023272,,,
4.943020147,,,
4.950492348,,,
4.927547053,,,
4.942048116,,,
4.940924835,,,
4.95239499,,,
4.949922101,,,
4.937912564,,,
4.939627736,,,
4.936000869,,,
4.934033326,,,
4.944433299,,,
4.933799243,,,
4.933781664,,,
4.942200954,,,
4.941831325,,,
4.939301725,,,
4.94869677,,,
4.95849818,,,
4.939808179,,,
4.945452711,,,
4.950727265,,,
4.953843168,,,
4.943248153,,,
4.948577774,,,
4.942374882,,,
4.939544219,,,
4.944537325,,,
4.93401157,,,
4.925910864,,,
4.949042866,,,
4.934268196,,,
4.938824612,,,
4.947347827,,,
4.936713097,,,
4.94836433,,,
4.945339099,,,
4.935339617,,,
4.938224739,,,
4.932097133,,,
4.946961394,,,
4.943431918,,,
4.944259566,,,
4.940702007,,,
4.946384512,,,
4.945616979,,,
4.946675882,,,
4.939808965,,,
4.957169783,,,
4.932093717,,,
4.949602309,,,
4.948572974,,,
4.931466731,,,
4.944306932,,,
4.943502205,,,
4.946007197,,,
4.942122499,,,
4.937589624,,,
4.950331831,,,
4.943577054,,,
4.941935831,,,
4.942609067,,,
4.954348932,,,
4.949715518,,,
4.944707435,,,
4.941128232,,,
4.942906941,,,
4.944684758,,,
4.943626269,,,
4.953021343,,,
4.946328207,,,
4.949806332,,,
4.945498364,,,
4.941852782,,,
4.952266824,,,
4.943068434,,,
4.945773341,,,
4.94713693,,,
4.937958412,,,
4.946595647,,,
4.94569809,,,
4.946282014,,,
4.940907672,,,
4.949340437,,,
4.946168559,,,
4.941121333,,,
4.950480154,,,
4.939651659,,,
4.943474348,,,
4.944661224,,,
4.95515033,,,
4.933997331,,,
4.94964773,,,
4.945991315,,,
4.947845347,,,
4.944715432,,,
4.925734758,,,
4.95138414,,,
4.95533674,,,
4.942245305,,,
4.94615329,,,
4.953906532,,,
4.951980379,,,
4.938855284,,,
4.938926304,,,
4.937010481,,,
4.946733345,,,
4.943198065,,,
4.948401606,,,
4.945350895,,,
4.946692641,,,
4.940325396,,,
4.943747701,,,
4.945535976,,,
4.953259709,,,
4.947826127,,,
4.948853618,,,
4.944136223,,,
4.943635664,,,
4.947215056,,,
4.93996859,,,
4.949965453,,,
4.952797445,,,
4.954086009,,,
4.954940068,,,
4.943799502,,,
4.950021514,,,
4.949748946,,,
4.957650526,,,
4.944777311,,,
4.957016706,,,
4.949936561,,,
4.949660892,,,
4.955311933,,,
4.951052588,,,
4.949566243,,,
4.938981926,,,
4.946904753,,,
4.956059595,,,
4.958926158,,,
4.958655615,,,
4.950739299,,,
4.952042683,,,
4.948765905,,,
4.956585906,,,
4.950515327,,,
4.955156817,,,
4.939622458,,,
4.948404864,,,
4.949465484,,,
4.948831318,,,
4.947940754,,,
4.951217458,,,
4.957672991,,,
4.953371054,,,
4.946166863,,,
4.949915348,,,
4.937469392,,,
4.959975828,,,
4.949300451,,,
4.947673774,,,
4.945004954,,,
4.943710508,,,
4.953071741,,,
4.942448678,,,
4.944204893,,,
4.949498416,,,
4.953204216,,,
4.957299909,,,
4.951582909,,,
4.943108488,,,
4.948555921,,,
4.94827357,,,
4.948401194,,,
4.950859683,,,
4.942992235,,,
4.94435577,,,
4.944915995,,,
4.952687271,,,
4.951192279,,,
4.939830752,,,
4.937485266,,,
4.95775065,,,
4.944144992,,,
4.94655415,,,
4.951720068,,,
4.950168767,,,
4.951766569,,,
4.951792012,,,
4.9516888,,,
4.950978911,,,
4.947307559,,,
4.941562065,,,
4.957140608,,,
4.941421152,,,
4.951008716,,,
4.956275743,,,
4.955958327,,,
4.945955417,,,
4.949028566,,,
4.945098411,,,
4.941460451,,,
4.947955805,,,
4.942912926,,,
4.952443593,,,
4.945485363,,,
4.952400388,,,
4.94232179,,,
4.944389637,,,
4.945118646,,,
4.950574325,,,
4.946904286,,,
4.954170575,,,
4.951660874,,,
4.949406866,,,
4.947879981,,,
4.952009186,,,
4.94737301,,,
4.954828765,,,
4.9534791,,,
4.953157653,,,
4.948024003,,,
4.95055247,,,
4.953022472,,,
4.950533356,,,
4.948124511,,,
4.949822886,,,
4.953811812,,,
4.944353079,,,
4.945652674,,,
4.951403574,,,
4.958973234,,,
4.951772743,,,
4.956859759,,,
4.948236748,,,
4.943596912,,,
4.942354801,,,
4.938807125,,,
4.960260546,,,
4.955557948,,,
4.940831663,,,
4.952579066,,,
4.947766044,,,
4.947885288,,,
4.951748571,,,
4.952224521,,,
4.955916266,,,
4.956507716,,,
4.940428611,,,
4.956092089,,,
4.945946783,,,
4.950504711,,,
4.94360123,,,
4.941026971,,,
4.940293553,,,
4.950346262,,,
4.954944762,,,
4.963283512,,,
4.943806266,,,
4.958641303,,,
4.947237767,,,
4.951589031,,,
4.94541348,,,
4.947788672,,,
4.95198559,,,
4.950934307,,,
4.936038603,,,
4.951463603,,,
4.960660422,,,
4.945165824,,,
4.95240917,,,
4.958041242,,,
4.943251305,,,
4.949569132,,,
4.950748502,,,
4.955002551,,,
4.950037903,,,
4.946507348,,,
4.951825825,,,
4.960483861,,,
4.946567954,,,
4.950799036,,,
4.951718124,,,
4.939547138,,,
4.959932272,,,
4.950312663,,,
4.957771827,,,
4.956810078,,,
4.942805528,,,
4.94178004,,,
4.952254263,,,
4.954064631,,,
4.944480605,,,
4.954680769,,,
4.954710465,,,
4.95145077,,,
4.950089585,,,
4.959780123,,,
4.94677428,,,
4.959601694,,,
4.961778224,,,
4.951811775,,,
4.959270558,,,
4.955682335,,,
4.951808993,,,
4.964177326,,,
4.943629793,,,
4.954028977,,,
4.953449656,,,
4.956903769,,,
4.951598042,,,
4.97254376,,,
4.952644778,,,
4.956576358,,,
4.952239968,,,
4.965281288,,,
4.95220951,,,
4.954425906,,,
4.95263068,,,
4.951269064,,,
4.959165985,,,
4.960329247,,,
4.958593966,,,
4.949841908,,,
4.944046313,,,
4.96058958,,,
4.941971524,,,
4.963909686,,,
4.955157273,,,
4.956487946,,,
4.958753339,,,
4.956970603,,,
4.946850046,,,
4.94869677,,,
4.951330184,,,
4.956749984,,,
4.944622079,,,
4.952406305,,,
4.95046122,,,
4.953263836,,,
4.957872885,,,
4.9462933,,,
4.949742004,,,
4.95985378,,,
4.964944319,,,
4.960673514,,,
4.96112514,,,
4.963369163,,,
4.944489471,,,
4.959103367,,,
4.957278209,,,
4.957507183,,,
4.957520693,,,
4.956120436,,,
4.9465338,,,
4.953572447,,,
4.954890908,,,
4.948925859,,,
4.949243148,,,
4.962774896,,,
4.956117487,,,
4.949350301,,,
4.952349932,,,
4.952654899,,,
4.953323905,,,
4.959327969,,,
4.936793547,,,
4.957793353,,,
4.957336979,,,
4.960688962,,,
4.960275249,,,
4.951115165,,,
4.951043616,,,
4.958969844,,,
4.960947026,,,
4.953442258,,,
4.957729487,,,
4.947919877,,,
4.957192587,,,
4.961982276,,,
4.951675008,,,
4.959774461,,,
4.948590718,,,
4.955891278,,,
4.970386313,,,
4.961303482,,,
4.955960343,,,
4.951828763,,,
4.954420332,,,
4.95547881,,,
4.959636921,,,
4.95816215,,,
4.962836822,,,
4.959429313,,,
4.956319795,,,
4.951539551,,,
4.956917708,,,
4.961825271,,,
4.95265721,,,
4.964540181,,,
4.940354945,,,
4.961087148,,,
4.950499118,,,
4.955666804,,,
4.953051064,,,
4.946608161,,,
4.969623749,,,
4.954249712,,,
4.961574491,,,
4.961420612,,,
4.953271282,,,
4.961834699,,,
4.969859314,,,
4.954478437,,,
4.953714093,,,
4.947235249,,,
4.962090883,,,
4.945950436,,,
4.959064441,,,
4.96304151,,,
4.9608166,,,
4.962852369,,,
4.957887133,,,
4.948569503,,,
4.953813633,,,
4.962142232,,,
4.971973005,,,
4.95265054,,,
4.949969974,,,
4.962870666,,,
4.971007702,,,
4.961191672,,,
4.958869035,,,
4.960965377,,,
4.952233514,,,
4.953826508,,,
4.96008187,,,
4.965199022,,,
4.965302951,,,
4.96578841,,,
4.954092723,,,
4.95577024,,,
4.958995172,,,
4.951971846,,,
4.968387691,,,
4.961154763,,,
4.967162417,,,
4.961596555,,,
4.963225973,,,
4.96164808,,,
4.95219233,,,
4.959809869,,,
4.95046671,,,
4.952936875,,,
4.963717444,,,
4.959883711,,,
4.948090019,,,
4.953281583,,,
4.953303427,,,
4.957218342,,,
4.971648514,,,
4.960859254,,,
4.949792253,,,
4.950313411,,,
4.973626494,,,
4.962666324,,,
4.969139089,,,
4.972423978,,,
4.959313784,,,
4.954137412,,,
4.961470997,,,
4.966261024,,,
4.954509934,,,
4.953938527,,,
4.954517034,,,
4.955020898,,,
4.958966277,,,
4.957241103,,,
4.954978236,,,
4.966204238,,,
4.958030391,,,
4.965855319,,,
4.95362322,,,
4.952363388,,,
4.96156381,,,
4.955984348,,,
4.948930058,,,
4.951698078,,,
4.95904912,,,
4.951227669,,,
4.963209012,,,
4.958446935,,,
4.961649492,,,
4.950333651,,,
4.96954215,,,
4.959163943,,,
4.951564283,,,
4.956343091,,,
4.954601526,,,
4.957777756,,,
4.963260851,,,
4.969271496,,,
4.946870024,,,
4.959426256,,,
4.961462833,,,
4.960968083,,,
4.958419094,,,
4.958497833,,,
4.962041165,,,
4.950472194,,,
4.958768878,,,
4.949535735,,,
4.958296194,,,
4.954404288,,,
4.954588974,,,
4.962679478,,,
4.953045913,,,
4.962759098,,,
4.96353693,,,
4.954624513,,,
4.961583387,,,
4.960883756,,,
4.958051897,,,
4.972725132,,,
4.958432452,,,
4.962035001,,,
4.963848828,,,
4.952349014,,,
4.963620808,,,
4.96164836,,,
4.965620548,,,
4.951331453,,,
4.972888845,,,
4.962710932,,,
4.96022631,,,
4.967071152,,,
4.957560383,,,
4.960574182,,,
4.960987192,,,
4.960746723,,,
4.9708357,,,
4.962477733,,,
4.950777549,,,
4.967520121,,,
4.961387017,,,
4.972859923,,,
4.95525756,,,
4.959821161,,,
4.966944254,,,
4.950382231,,,
4.954001727,,,
4.950803544,,,
4.964222573,,,
4.949080869,,,
4.958527165,,,
4.951617626,,,
4.965719603,,,
4.963612623,,,
4.962819053,,,
4.955498103,,,
4.968416996,,,
4.95616429,,,
4.952042162,,,
4.958761166,,,
4.964324445,,,
4.962550443,,,
4.966255638,,,
4.957543285,,,
4.963639132,,,
4.955516829,,,
4.959654486,,,
4.97473532,,,
4.96528886,,,
4.95790212,,,
4.958309444,,,
4.955421721,,,
4.965280924,,,
4.959261388,,,
4.966316696,,,
4.956208122,,,
4.949510215,,,
4.952303631,,,
4.962568824,,,
4.952348424,,,
4.963426988,,,
4.968540321,,,
4.969822893,,,
4.951277836,,,
4.965744112,,,
4.962037389,,,
4.962979032,,,
4.9589496,,,
4.97069224,,,
4.962624404,,,
4.955711819,,,
4.962188276,,,
4.96572972,,,
4.964387964,,,
4.963097811,,,
4.962327698,,,
4.967950594,,,
4.961880994,,,
4.974425265,,,
4.95970209,,,
4.962890116,,,
4.94795204,,,
4.975033451,,,
4.959391499,,,
4.954881819,,,
4.958943996,,,
4.964927233,,,
4.953075117,,,
4.969941877,,,
4.965361222,,,
4.963583674,,,
4.965179105,,,
4.957545097,,,
4.956837232,,,
4.954527069,,,
4.95898719,,,
4.962747834,,,
4.959133203,,,
4.968344622,,,
4.955881497,,,
4.958390657,,,
4.966097601,,,
4.964069819,,,
4.964491502,,,
4.954982345,,,
4.964380279,,,
4.959959126,,,
4.965208118,,,
4.954082659,,,
4.961620336,,,
4.966429288,,,
4.962152214,,,
4.963344727,,,
4.961745685,,,
4.971973351,,,
4.968594828,,,
4.957180397,,,
4.96278242,,,
4.967541914,,,
4.960934309,,,
4.961133542,,,
4.973253707,,,
4.967814947,,,
4.955592418,,,
4.968298301,,,
4.964235846,,,
4.964926839,,,
4.963113938,,,
4.962992793,,,
4.966656506,,,
4.954738857,,,
4.969224514,,,
4.950368602,,,
4.977752966,,,
4.962690048,,,
4.962854077,,,
4.967208206,,,
4.959025808,,,
4.957261215,,,
4.962743883,,,
4.952390204,,,
4.952708311,,,
4.967115001,,,
4.951304857,,,
4.957351013,,,
4.960335901,,,
4.961551248,,,
4.965667646,,,
4.954742999,,,
4.957143494,,,
4.961538069,,,
4.965982265,,,
4.958731323,,,
4.972083277,,,
4.961084263,,,
4.971918659,,,
4.956530142,,,
4.977558553,,,
4.967556989,,,
4.962776492,,,
4.971457748,,,
4.953192409,,,
4.972414417,,,
4.966036536,,,
4.958175373,,,
4.965519122,,,
4.966874841,,,
4.963354372,,,
4.957691489,,,
4.95589988,,,
4.976716754,,,
4.960480336,,,
4.964587465,,,
4.953240932,,,
4.95733141,,,
4.967226253,,,
4.974452096,,,
4.963878635,,,
4.967421199,,,
4.963946906,,,
4.967479504,,,
4.965863042,,,
4.963183739,,,
4.956021274,,,
4.948171885,,,
4.960443377,,,
4.957802274,,,
4.960382283,,,
4.972080551,,,
4.955272761,,,
4.958768622,,,
4.96317487,,,
4.963757075,,,
4.953034759,,,
4.967053744,,,
4.974987598,,,
4.957503236,,,
4.970757911,,,
4.955525416,,,
4.95801282,,,
4.955094258,,,
4.965078244,,,
4.959408565,,,
4.96398877,,,
4.968047027,,,
4.968320685,,,
4.966800346,,,
4.96379045,,,
4.967968684,,,
4.966266457,,,
4.966696054,,,
4.974917629,,,
4.971771357,,,
4.954576277,,,
4.964917148,,,
4.96785695,,,
4.964459773,,,
4.959393849,,,
4.965023351,,,
4.957877602,,,
4.966226457,,,
4.975644685,,,
4.962509709,,,
4.962468373,,,
4.959794511,,,
4.964870791,,,
4.963145281,,,
4.976084182,,,
4.960984337,,,
4.969511764,,,
4.966879357,,,
4.96282975,,,
4.957199371,,,
4.967250912,,,
4.9575516,,,
4.971575605,,,
4.962604232,,,
4.976985703,,,
4.949942655,,,
4.965561061,,,
4.961319603,,,
4.962223763,,,
4.960281912,,,
4.972950904,,,
4.952187382,,,
4.962464651,,,
4.972547087,,,
4.964073396,,,
4.963364259,,,
4.962540037,,,
4.965600922,,,
4.956780423,,,
4.963227086,,,
4.959476147,,,
4.975633723,,,
4.963804964,,,
4.966356561,,,
4.966470928,,,
4.964163894,,,
4.952965761,,,
4.962482399,,,
4.974486889,,,
4.970199217,,,
4.967929534,,,
4.968536034,,,
4.967912725,,,
4.966326382,,,
4.977247888,,,
4.971830248,,,
4.967889689,,,
4.969699704,,,
4.974821632,,,
4.969591632,,,
4.961514446,,,
4.961139871,,,
4.971583173,,,
4.96171618,,,
4.97291141,,,
4.959943544,,,
4.956053732,,,
4.970046048,,,
4.964050256,,,
4.963566722,,,
4.970975365,,,
4.971605753,,,
4.970346284,,,
4.962323059,,,
4.953702191,,,
4.971167793,,,
4.962920486,,,
4.96273919,,,
4.972624305,,,
4.971124427,,,
4.960305518,,,
4.968640432,,,
4.959644962,,,
4.964383458,,,
4.966294973,,,
4.962523624,,,
4.969197575,,,
4.964584199,,,
4.956419569,,,
4.962483965,,,
4.96808175,,,
4.971975449,,,
4.964687867,,,
4.963356583,,,
4.969164745,,,
4.972738054,,,
4.951947182,,,
4.968259475,,,
4.96988795,,,
4.957507716,,,
4.960037606,,,
4.96434259,,,
4.964087543,,,
4.967154111,,,
4.972881266,,,
4.95980056,,,
4.957270328,,,
4.97067114,,,
4.961022922,,,
4.975208188,,,
4.976978898,,,
4.979572985,,,
4.968500229,,,
4.969393272,,,
4.97322174,,,
4.961645632,,,
4.966134786,,,
4.979119657,,,
4.966873069,,,
4.96745164,,,
4.964976522,,,
4.960555387,,,
4.9614073,,,
4.956826779,,,
4.961471833,,,
4.964995692,,,
4.974365864,,,
4.970319925,,,
4.974653979,,,
4.966634359,,,
4.96555389,,,
4.965916945,,,
4.969257058,,,
4.972833056,,,
4.966393721,,,
4.967049971,,,
4.971476455,,,
4.96159714,,,
4.967042672,,,
4.969768348,,,
4.965669867,,,
4.958966232,,,
4.968549844,,,
4.971926026,,,
4.962851574,,,
4.963563226,,,
4.956673697,,,
4.966904069,,,
4.974758851,,,
4.965949508,,,
4.973609314,,,
4.960337024,,,
4.96906129,,,
4.967291128,,,
4.960640339,,,
4.9603882,,,
4.968648234,,,
4.960021648,,,
4.972864847,,,
4.974771387,,,
4.964151532,,,
4.962495038,,,
4.969840163,,,
4.971888425,,,
4.966066528,,,
4.971052873,,,
4.958097552,,,
4.978162394,,,
4.967907671,,,
4.966825872,,,
4.970506727,,,
4.968040207,,,
4.959995925,,,
4.963206011,,,
4.963496056,,,
4.971923312,,,
4.969017836,,,
4.971270917,,,
4.971143804,,,
4.966562863,,,
4.975403364,,,
4.968289682,,,
4.95924951,,,
4.962029222,,,
4.974419486,,,
4.970781356,,,
4.960261305,,,
4.966901615,,,
4.974113306,,,
4.985999728,,,
4.968441859,,,
4.960404382,,,
4.961874689,,,
4.960542811,,,
4.959104427,,,
4.957337127,,,
4.963394344,,,
4.974172515,,,
4.979089278,,,
4.968995033,,,
4.957029193,,,
4.961125951,,,
4.973718786,,,
4.975051474,,,
4.956634815,,,
4.972028447,,,
4.971018556,,,
4.974127289,,,
4.956556206,,,
4.963180611,,,
4.972201912,,,
4.968837426,,,
4.965925315,,,
4.953835794,,,
4.968118777,,,
4.958015079,,,
4.967487391,,,
4.973935618,,,
4.966805364,,,
4.966577479,,,
4.977316447,,,
4.970976224,,,
4.975100531,,,
4.971511935,,,
4.968502262,,,
4.965906228,,,
4.975189528,,,
4.968125633,,,
4.97343125,,,
4.973157038,,,
4.975428038,,,
4.966737042,,,
4.964531173,,,
4.972809951,,,
4.957184517,,,
4.969292596,,,
4.954278523,,,
4.97406862,,,
4.964058816,,,
4.973159176,,,
4.967448752,,,
4.961222274,,,
4.967300484,,,
4.964642218,,,
4.964126575,,,
4.977158927,,,
4.971652129,,,
4.964716824,,,
4.967199387,,,
4.968170062,,,
4.977520236,,,
4.964459047,,,
4.966307346,,,
4.966052569,,,
4.956049778,,,
4.966216357,,,
4.958472495,,,
4.961735938,,,
4.96948516,,,
4.953639299,,,
4.977805277,,,
4.976151403,,,
4.966603743,,,
4.977038254,,,
4.9624477,,,
4.963833292,,,
4.965454088,,,
4.966291605,,,
4.969226948,,,
4.973650486,,,
4.962320121,,,
4.962327072,,,
4.966435737,,,
4.975558524,,,
4.976294762,,,
4.963978823,,,
4.963947623,,,
4.970673154,,,
4.966185131,,,
4.969502711,,,
4.969619564,,,
4.980525201,,,
4.964547309,,,
4.967113512,,,
4.970356668,,,
4.956855139,,,
4.963858841,,,
4.973370027,,,
4.977851954,,,
4.95987596,,,
4.962089696,,,
4.962293494,,,
4.968427953,,,
4.953845668,,,
4.967730713,,,
4.966312748,,,
4.973620369,,,
4.97372152,,,
4.963945022,,,
4.956690621,,,
4.963692448,,,
4.972538381,,,
4.980306313,,,
4.968821049,,,
4.966572067,,,
4.970015942,,,
4.970894589,,,
4.972442221,,,
4.960004498,,,
4.966230202,,,
4.971889153,,,
4.974271069,,,
4.963674959,,,
4.96403736,,,
4.96058527,,,
4.980377849,,,
4.966699782,,,
4.982461956,,,
4.959753624,,,
4.962780932,,,
4.974517632,,,
4.960893726,,,
4.968286787,,,
4.965245664,,,
4.972092869,,,
4.966078448,,,
4.972131394,,,
4.972171442,,,
4.976966381,,,
4.968692142,,,
4.970866223,,,
4.966308962,,,
4.96996635,,,
4.969079475,,,
4.980712164,,,
4.964638923,,,
4.971512181,,,
4.969443584,,,
4.979368639,,,
4.981417331,,,
4.964273141,,,
4.968372646,,,
4.968832739,,,
4.964160176,,,
4.973906239,,,
4.970049309,,,
4.970152809,,,
4.969460974,,,
4.969719195,,,
4.966938536,,,
4.967762547,,,
4.977611695,,,
4.972123359,,,
4.952143021,,,
4.990127848,,,
4.978291807,,,
4.973941948,,,
4.969917394,,,
4.975675872,,,
4.959535665,,,
4.982615545,,,
4.969857742,,,
4.972398609,,,
4.95957802,,,
4.971100427,,,
4.964231108,,,
4.972594737,,,
4.967111581,,,
4.968581042,,,
4.966964275,,,
4.972606381,,,
4.963748219,,,
4.976904977,,,
4.971621227,,,
4.971961027,,,
4.979982325,,,
4.960625568,,,
4.967016752,,,
4.974278813,,,
4.970916391,,,
4.970893917,,,
4.973449276,,,
4.970280105,,,
4.97232203,,,
4.970472416,,,
4.959317136,,,
4.972430283,,,
4.967373853,,,
4.976829352,,,
4.971212482,,,
4.969677125,,,
4.970749836,,,
4.97683721,,,
4.962510145,,,
4.967997791,,,
4.966291149,,,
4.973689404,,,
4.972835399,,,
4.970116768,,,
4.96484535,,,
4.964119008,,,
4.965497664,,,
4.969420673,,,
4.971608579,,,
4.967939005,,,
4.97627291,,,
4.975422432,,,
4.966777227,,,
4.975062825,,,
4.967420381,,,
4.982732465,,,
4.96662088,,,
4.970473745,,,
4.972137156,,,
4.977792491,,,
4.967014531,,,
4.979411641,,,
4.976032487,,,
4.961395756,,,
4.98249073,,,
4.964610416,,,
4.971187504,,,
4.96870913,,,
4.963948775,,,
4.959763619,,,
4.973799355,,,
4.969239391,,,
4.971287236,,,
4.973332743,,,
4.966867175,,,
4.969784152,,,
4.976974001,,,
4.973872577,,,
4.977151553,,,
4.969095923,,,
4.970000012,,,
4.967558541,,,
4.969841923,,,
4.960210102,,,
4.974824291,,,
4.967791145,,,
4.972539063,,,
4.970949352,,,
4.972198713,,,
4.97501727,,,
4.966697941,,,
4.976798318,,,
4.978359032,,,
4.967228687,,,
4.96751999,,,
4.969118781,,,
4.964793198,,,
4.977318154,,,
4.970384148,,,
4.97131296,,,
4.977727325,,,
4.966658953,,,
4.967360235,,,
4.960285807,,,
4.977146754,,,
4.970932773,,,
4.970032152,,,
4.965131289,,,
4.972039344,,,
4.974312702,,,
4.963104028,,,
4.964435913,,,
4.964223914,,,
4.967321722,,,
4.979256464,,,
4.974654492,,,
4.972883654,,,
4.971204093,,,
4.969076819,,,
4.971214991,,,
4.971094939,,,
4.975246733,,,
4.968781639,,,
4.975124343,,,
4.976633876,,,
4.977485258,,,
4.96239143,,,
4.963756743,,,
4.958817448,,,
4.971862623,,,
4.979010801,,,
4.974295711,,,
4.976536952,,,
4.97343568,,,
4.968401482,,,
4.973127813,,,
4.97796625,,,
4.97172876,,,
4.979593897,,,
4.968933926,,,
4.963891117,,,
4.972625978,,,
4.966740562,,,
4.972772805,,,
4.966384621,,,
4.967786231,,,
4.960063021,,,
4.968911355,,,
4.971437061,,,
4.969004452,,,
4.979408568,,,
4.976305239,,,
4.966758995,,,
4.971265174,,,
4.971580595,,,
4.970171972,,,
4.971653475,,,
4.9804822,,,
4.972403866,,,
4.977521404,,,
4.971431288,,,
4.969326653,,,
4.96612753,,,
4.969362549,,,
4.967855491,,,
4.973546921,,,
4.963523578,,,
4.974664725,,,
4.978767229,,,
4.967979652,,,
4.979835529,,,
4.97291703,,,
4.96800194,,,
4.971316268,,,
4.984564253,,,
4.960513209,,,
4.974251636,,,
4.973524194,,,
4.967325827,,,
4.982036808,,,
4.964910756,,,
4.980243969,,,
4.972949893,,,
4.962922166,,,
4.975115589,,,
4.974031213,,,
4.98096164,,,
4.982559024,,,
4.978546513,,,
4.986225411,,,
4.959486171,,,
4.97307383,,,
4.96664684,,,
4.974013776,,,
4.973688912,,,
4.969833843,,,
4.977626888,,,
4.968437262,,,
4.985944238,,,
4.974373096,,,
4.967815941,,,
4.981724588,,,
4.965009529,,,
4.970965322,,,
4.968772277,,,
4.966271884,,,
4.960110599,,,
4.963599439,,,
4.975254106,,,
4.976666089,,,
4.969729771,,,
4.971588176,,,
4.972987209,,,
4.961898962,,,
4.977396002,,,
4.975271067,,,
4.970251414,,,
4.96881823,,,
4.983130385,,,
4.980900414,,,
4.96419351,,,
4.972251561,,,
4.97289006,,,
4.967071791,,,
4.972084715,,,
4.977926529,,,
4.976291758,,,
4.963801255,,,
4.975526968,,,
4.983312333,,,
4.972860199,,,
4.970601727,,,
4.978721243,,,
4.962114382,,,
4.975496713,,,
4.975262144,,,
4.981693949,,,
4.971084997,,,
4.972501175,,,
4.955094171,,,
4.980692546,,,
4.971183594,,,
4.971395064,,,
4.974430902,,,
4.967128643,,,
4.96847643,,,
4.971235797,,,
4.968711812,,,
4.969267639,,,
4.976506619,,,
4.969531276,,,
4.973527903,,,
4.96148,,,
4.967813598,,,
4.982718434,,,
4.978074686,,,
4.972638078,,,
4.968333159,,,
4.971806585,,,
4.979173931,,,
4.977829235,,,
4.974680689,,,
4.962136601,,,
4.968468887,,,
4.981545789,,,
4.969641276,,,
4.97007883,,,
4.970482987,,,
4.975266981,,,
4.973812131,,,
4.961278421,,,
4.976510224,,,
4.978812142,,,
4.959953776,,,
4.981421212,,,
4.976905008,,,
4.97344542,,,
4.97327785,,,
4.980858172,,,
4.988708142,,,
4.975778373,,,
4.971720672,,,
4.968815011,,,
4.960026668,,,
4.964607123,,,
4.975614208,,,
4.980301788,,,
4.975585434,,,
4.975879597,,,
4.97739645,,,
4.968809914,,,
4.974620797,,,
4.980805504,,,
4.96888943,,,
4.968533647,,,
4.979381007,,,
4.977524816,,,
4.969100775,,,
4.966742706,,,
4.976890474,,,
4.968868178,,,
4.969854812,,,
4.973812617,,,
4.969024361,,,
4.965918107,,,
4.971381559,,,
4.981105647,,,
4.96179352,,,
4.968218076,,,
4.967319115,,,
4.980583799,,,
4.96959735,,,
4.96895403,,,
4.973725835,,,
4.971624139,,,
4.967537943,,,
4.964247041,,,
4.975907143,,,
4.977939002,,,
4.98177234,,,
4.968300432,,,
4.970158835,,,
4.967248392,,,
4.981820357,,,
4.968479205,,,
4.981770031,,,
4.982116484,,,
4.970201061,,,
4.969672789,,,
4.97361556,,,
4.969775737,,,
4.978121649,,,
4.970861969,,,
4.982515619,,,
4.976333795,,,
4.988502414,,,
4.982469708,,,
4.968511712,,,
4.971916938,,,
4.974972453,,,
4.979928944,,,
4.979072462,,,
4.991043883,,,
4.970758323,,,
4.98099421,,,
4.978120074,,,
4.981218152,,,
4.975039806,,,
4.969752044,,,
4.977576387,,,
4.972342613,,,
4.979929972,,,
4.975533025,,,
4.977614572,,,
4.974607447,,,
4.974763562,,,
4.985551123,,,
4.972662627,,,
4.974817751,,,
4.982420326,,,
4.966868196,,,
4.974677271,,,
4.97574544,,,
4.968733743,,,
4.967132911,,,
4.979163321,,,
4.972026679,,,
4.974790003,,,
4.971457262,,,
4.980539442,,,
4.986450029,,,
4.980643165,,,
4.967843615,,,
4.979856947,,,
4.976539371,,,
4.975627418,,,
4.974434775,,,
4.985557275,,,
4.971091741,,,
4.976745403,,,
4.971928168,,,
4.982872891,,,
4.968218513,,,
4.972968055,,,
4.982909828,,,
4.970573443,,,
4.970796633,,,
4.971475298,,,
4.982864261,,,
4.980125904,,,
4.970310746,,,
4.964338873,,,
4.976114147,,,
4.976549635,,,
4.972213578,,,
4.970625567,,,
4.970312729,,,
4.977704544,,,
4.98128614,,,
4.984394766,,,
4.982473313,,,
4.962811246,,,
4.973867885,,,
4.980546334,,,
4.962439877,,,
4.980110815,,,
4.964799051,,,
4.969788573,,,
4.972978024,,,
4.976256547,,,
4.980323192,,,
4.976162232,,,
4.978760393,,,
4.963311698,,,
4.97951111,,,
4.979156767,,,
4.972454475,,,
4.986587152,,,
4.972223237,,,
4.972474704,,,
4.981560854,,,
4.976463766,,,
4.983549704,,,
4.976251033,,,
4.976111806,,,
4.972966598,,,
4.964528229,,,
4.981255164,,,
4.972558497,,,
4.981915417,,,
4.975445219,,,
4.977965526,,,
4.97227606,,,
4.975227426,,,
4.978681177,,,
4.97353399,,,
4.976657053,,,
4.97123015,,,
4.973170785,,,
4.961140517,,,
4.961787707,,,
4.97257417,,,
4.973492208,,,
4.979026167,,,
4.978168231,,,
4.972751532,,,
4.978845904,,,
4.975184428,,,
4.970943093,,,
4.978899271,,,
4.981458305,,,
4.981917916,,,
4.979838671,,,
4.984645996,,,
4.977877235,,,
4.969280756,,,
4.975119233,,,
4.991882876,,,
4.983160449,,,
4.984704735,,,
4.966930482,,,
4.980515063,,,
4.971458603,,,
4.979267092,,,
4.97706195,,,
4.982286572,,,
4.971750846,,,
4.989054901,,,
4.970393629,,,
4.980568112,,,
4.973943749,,,
4.973093259,,,
4.978544816,,,
4.968761359,,,
4.971208842,,,
4.97690677,,,
4.970046011,,,
4.971302699,,,
4.980916716,,,
4.975254136,,,
4.977123956,,,
4.974411239,,,
4.981345392,,,
4.985410723,,,
4.975457619,,,
4.974001788,,,
4.972378018,,,
4.978806722,,,
4.969897377,,,
4.972559077,,,
4.966342837,,,
4.981728125,,,
4.970386508,,,
4.98336698,,,
4.984480045,,,
4.97314136,,,
4.966151937,,,
4.973152486,,,
4.978670738,,,
4.972439545,,,
4.977798823,,,
4.987302477,,,
4.981120252,,,
4.971559264,,,
4.975013701,,,
4.970272929,,,
4.975667865,,,
4.980102707,,,
4.977594202,,,
4.977494236,,,
4.977745597,,,
4.96860096,,,
4.972858738,,,
4.965778935,,,
4.977279177,,,
4.98400615,,,
4.986192281,,,
4.989602837,,,
4.964427476,,,
4.977173004,,,
4.975216777,,,
4.967103836,,,
4.973759099,,,
4.97585375,,,
4.973121884,,,
4.978636058,,,
4.970691723,,,
4.983138305,,,
4.969658382,,,
4.962830036,,,
4.979236823,,,
4.97616664,,,
4.979922013,,,
4.974730643,,,
4.973082285,,,
4.974274577,,,
4.96727976,,,
4.979663405,,,
4.982976156,,,
4.979788364,,,
4.977193142,,,
4.987157292,,,
4.985165681,,,
4.975718893,,,
4.971926266,,,
4.974555284,,,
4.97199963,,,
4.985000067,,,
4.978641375,,,
4.976742247,,,
4.981004745,,,
4.971995458,,,
4.973931208,,,
4.971784942,,,
4.968051849,,,
4.97640525,,,
4.978416291,,,
4.971335156,,,
4.976031346,,,
4.9825136,,,
4.977729789,,,
4.966455423,,,
4.981412531,,,
4.980660966,,,
4.972838775,,,
4.967025121,,,
4.979851146,,,
4.982828704,,,
4.975985794,,,
4.972118627,,,
4.979425155,,,
4.97298817,,,
4.978734561,,,
4.967937469,,,
4.971816629,,,
4.969878508,,,
4.965081326,,,
4.985460421,,,
4.9773698,,,
4.972483939,,,
4.977185552,,,
4.980633218,,,
4.979196834,,,
4.981164518,,,
4.976837004,,,
4.982404376,,,
4.973415993,,,
4.97565038,,,
4.979218509,,,
4.985243777,,,
4.971300478,,,
4.973718314,,,
4.977883842,,,
4.977760492,,,
4.979381053,,,
4.976777288,,,
4.965763596,,,
4.96745734,,,
4.965151675,,,
4.965937966,,,
4.979527108,,,
4.972091715,,,
4.98250215,,,
4.982705967,,,
4.979470049,,,
4.977760371,,,
4.978719159,,,
4.981557639,,,
4.972395353,,,
4.982297952,,,
4.975283699,,,
4.977153883,,,
4.968979857,,,
4.983321089,,,
4.977042789,,,
4.977955103,,,
4.98974869,,,
4.980678915,,,
4.979020812,,,
4.979963912,,,
4.981256383,,,
4.975514299,,,
4.982041401,,,
4.983979573,,,
4.974049882,,,
4.982158663,,,
4.97332482,,,
4.982384467,,,
4.969028264,,,
4.980439885,,,
4.979509048,,,
4.967412964,,,
4.974749314,,,
4.982519699,,,
4.973036163,,,
4.9776811,,,
4.972070831,,,
4.993108347,,,
4.983381875,,,
4.972914341,,,
4.972795792,,,
4.981026758,,,
4.967893043,,,
4.978143724,,,
4.971169074,,,
4.988580275,,,
4.981636742,,,
4.968898984,,,
4.980718889,,,
4.97045706,,,
4.98037806,,,
4.977555936,,,
4.973664496,,,
4.9758216,,,
4.979005936,,,
4.980963965,,,
4.974961006,,,
4.971027837,,,
4.969677879,,,
4.960659462,,,
4.96430763,,,
4.992335676,,,
4.972788726,,,
4.973048499,,,
4.970972166,,,
4.981573386,,,
4.981632492,,,
4.970540435,,,
4.981494396,,,
4.985846825,,,
4.966751233,,,
4.983302681,,,
4.98000063,,,
4.978839582,,,
4.981428961,,,
4.975801337,,,
4.975294769,,,
4.976676364,,,
4.973589468,,,
4.974661918,,,
4.982573761,,,
4.977156489,,,
4.98433104,,,
4.976963037,,,
4.984837604,,,
4.968226328,,,
4.972572848,,,
4.966244654,,,
4.975968999,,,
4.981754789,,,
4.97832786,,,
4.979619377,,,
4.984527571,,,
4.981151935,,,
4.983268664,,,
4.986804181,,,
4.977293353,,,
4.977061015,,,
4.968846305,,,
4.978209514,,,
4.973911057,,,
4.978288305,,,
4.98000791,,,
4.965480441,,,
4.973465677,,,
4.978895265,,,
4.97299246,,,
4.988906363,,,
4.973566611,,,
4.985583451,,,
4.97489119,,,
4.986780584,,,
4.977424954,,,
4.981371472,,,
4.985492142,,,
4.982708294,,,
4.982082995,,,
4.970607562,,,
4.980081278,,,
4.980354173,,,
4.980117123,,,
4.972673951,,,
4.97537177,,,
4.974674772,,,
4.967945057,,,
4.981515651,,,
4.973533167,,,
4.97465518,,,
4.980998933,,,
4.988233461,,,
4.96989673,,,
4.990488898,,,
4.979051105,,,
4.99518129,,,
4.974714678,,,
4.983924438,,,
4.977615518,,,
4.979719951,,,
4.980001107,,,
4.980681749,,,
4.962702059,,,
4.98482284,,,
4.977069659,,,
4.976651867,,,
4.972658313,,,
4.975178797,,,
4.97297105,,,
4.979833839,,,
4.976440015,,,
4.979936079,,,
4.990639706,,,
4.979553012,,,
4.977206372,,,
4.973691372,,,
4.97644559,,,
4.980598844,,,
4.976467002,,,
4.967836143,,,
4.976720079,,,
4.985902641,,,
4.981258089,,,
4.980333657,,,
4.971928076,,,
4.976152267,,,
4.984964262,,,
4.977078117,,,
4.986205394,,,
4.973354288,,,
4.981918233,,,
4.989884961,,,
4.989002498,,,
4.968601333,,,
4.973681943,,,
4.981485083,,,
4.972911237,,,
4.965710415,,,
4.973646503,,,
4.966540421,,,
4.976284932,,,
4.976872069,,,
4.970983713,,,
4.976047681,,,
4.981009667,,,
4.976506947,,,
4.976114121,,,
4.976025538,,,
4.98865992,,,
